companyId,sectorName,companyName,companySymbol,pricePercentChange,shareNo,marketValue,growthPercent,assetPercent,isListed,fiscal_year,month,fiscalId,fiscalYear,monthName,monthId
13,Commercial Banks,Global IME Bank Limited,GBIME,0.68,83000.0,19754000.0,0.0,,True,32,1,,,Baisakh,1
50,Commercial Banks,Standard Chartered Bank Limited,SCB,0.49,60000.0,39060000.0,0.0,,True,32,1,,,Baisakh,1
44,Commercial Banks,Prime Commercial Bank Limited,PCBL,0.63,20000.0,4910000.0,0.0,,True,32,1,,,Baisakh,1
11,Commercial Banks,Everest Bank Limited,EBL,0.03,62448.0,43588704.0,0.0,,True,32,1,,,Baisakh,1
27,Commercial Banks,Nabil Bank Limited,NABIL,0.4,23500.0,12455000.0,9.3,,True,32,1,,,Baisakh,1
46,Commercial Banks,Sanima Bank Limited,SANIMA,0.91,90000.0,31500000.0,12.5,,True,32,1,,,Baisakh,1
62,Development Banks,Garima Bikas Bank Limited,GBBL,0.48,65000.0,26838500.0,0.0,,True,32,1,,,Baisakh,1
1095,Development Banks,Salapa Bikas Bank Limited,SABBL,2.17,1769.0,2848090.0,0.0,,True,32,1,,,Baisakh,1
70,Development Banks,Kamana Sewa Bikas Bank Limited,KSBBL,-0.39,12664.0,6144573.0,80.91,,True,32,1,,,Baisakh,1
611,Hydro Power,Mountain Energy Nepal Limited,MEN,-0.33,15288.0,9157512.0,27.4,,True,32,1,,,Baisakh,1
169,Hydro Power,Ngadi Group Power Ltd.,NGPL,1.01,10100.0,4734880.0,1136.23,,True,32,1,,,Baisakh,1
176,Hydro Power,Sanima Mai Hydropower Ltd.,SHPC,0.13,25000.0,13222500.0,108.33,,True,32,1,,,Baisakh,1
1023,Hydro Power,Suryakunda Hydro Electric Limited,SKHEL,1.91,417.0,371630.0,,,True,32,1,,,Baisakh,1
1004,Hydro Power,Ridge Line Energy Limited,RLEL,2.79,861.0,810201.0,,,True,32,1,,,Baisakh,1
1016,Hydro Power,Super Khudi Hydropower Limited,SKHL,6.74,938.0,1068007.0,,,True,32,1,,,Baisakh,1
938,Hydro Power,Shikhar Power Development Limited,SIPD,2.0,1276.0,438816.0,,,True,32,1,,,Baisakh,1
995,Hydro Power,Bhujung Hydropower Limited,BJHL,3.03,973.0,1206520.0,,,True,32,1,,,Baisakh,1
1001,Hydro Power,Solu Hydropower Limited,SOHL,0.44,10263.0,7718802.0,,,True,32,1,,,Baisakh,1
178,Hydro Power,Synergy Power Development Ltd.,SPDL,-0.15,1899.0,807075.0,111.23,,True,32,1,,,Baisakh,1
856,Hydro Power,Makar Jitumaya Suri Hydropower Limited,MAKAR,1.94,36009.0,19160389.0,0.0,,True,32,1,,,Baisakh,1
180,Hydro Power,United Modi Hydropower Ltd.,UMHL,-0.35,40000.0,25560000.0,-37.5,,True,32,1,,,Baisakh,1
760,Hydro Power,Sahas Urja Ltd.,SAHAS,0.76,40000.0,24940000.0,-33.33,,True,32,1,,,Baisakh,1
826,Non Life Insurance,Himalayan Everest Insurance Limited,HEI,0.77,45000.0,23535000.0,0.0,,True,32,1,,,Baisakh,1
873,Non Life Insurance,Sagarmatha Lumbini Insurance Company Limited,SALICO,0.68,71667.0,43501869.0,2.14,,True,32,1,,,Baisakh,1
876,Non Life Insurance,Siddhartha Premier Insurance Company Limited,SPIL,1.26,46000.0,34684000.0,2.22,,True,32,1,,,Baisakh,1
249,Life Insurance,National Life Insurance Co. Ltd.,NLICL,0.2,50651.0,30086694.0,-9.55,,True,32,1,,,Baisakh,1
846,Life Insurance,Suryajyoti Life Insurance Company Limited,SJLIC,-0.46,54000.0,24030000.0,8.0,,True,32,1,,,Baisakh,1
242,Manufacturing and Processing,Unilever Nepal Limited,UNL,0.92,225.0,10507500.0,0.0,,True,32,1,,,Baisakh,1
238,Manufacturing and Processing,Himalayan Distillery Limited,HDL,0.59,8495.0,9921311.0,,,True,32,1,,,Baisakh,1
1040,Manufacturing and Processing,Palpa Cement Industries Limited,PCIL,1.85,3234.0,1173942.0,,,True,32,1,,,Baisakh,1
1035,Manufacturing and Processing,SY Panel Nepal Limited,SYPNL,1.54,5102.0,9392782.0,0.0,,True,32,1,,,Baisakh,1
1089,Manufacturing and Processing,Shreenagar Agritech Industries Limited,SAIL,2.29,3357.0,4350672.0,0.0,,True,32,1,,,Baisakh,1
945,Others,Himalayan Re-Insurance Limited,HRL,0.22,52000.0,38584000.0,-13.33,,True,32,1,,,Baisakh,1
149,Hotels and Tourism,Soaltee Hotel Limited,SHL,0.22,36065.0,18321020.0,-16.28,,True,32,1,,,Baisakh,1
986,Hotels and Tourism,Hotel Forest Inn Limited,HFIN,4.17,3895.0,3210259.0,0.0,,True,32,1,,,Baisakh,1
231,Investment,Citizen Investment Trust,CIT,0.03,2000.0,3592000.0,,,True,32,1,,,Baisakh,1
285,Microfinance,Infinity Laghubitta Bittiya Sanstha Limited,ILBS,0.11,26500.0,25652000.0,1.92,,True,32,1,,,Baisakh,1
265,Microfinance,Chhimek Laghubitta Bittiya Sanstha Limited,CBBL,0.22,21000.0,19152000.0,5.0,,True,32,1,,,Baisakh,1
982,Mutual Fund,Muktinath Mutual Fund 1,MNMF1,0.0,1017719.0,10034709.0,0.0,,True,32,1,,,Baisakh,1
878,Mutual Fund,Siddhartha Investment Growth Scheme-3,SIGS3,0.93,122000.0,1281000.0,1.92,,True,32,1,,,Baisakh,1
949,Mutual Fund,NIC Asia Growth Fund-2,NICGF2,-0.92,2611564.0,25097130.0,0.0,,True,32,1,,,Baisakh,1
13,Commercial Banks,Global IME Bank Limited,GBIME,0.68,83000.0,19754000.0,0.0,,True,32,2,,,Jestha,2
50,Commercial Banks,Standard Chartered Bank Limited,SCB,0.49,60000.0,39060000.0,0.0,,True,32,2,,,Jestha,2
44,Commercial Banks,Prime Commercial Bank Limited,PCBL,0.63,20000.0,4910000.0,0.0,,True,32,2,,,Jestha,2
11,Commercial Banks,Everest Bank Limited,EBL,0.03,62448.0,43588704.0,0.0,,True,32,2,,,Jestha,2
27,Commercial Banks,Nabil Bank Limited,NABIL,0.4,23500.0,12455000.0,9.3,,True,32,2,,,Jestha,2
46,Commercial Banks,Sanima Bank Limited,SANIMA,0.91,90000.0,31500000.0,12.5,,True,32,2,,,Jestha,2
62,Development Banks,Garima Bikas Bank Limited,GBBL,0.48,65000.0,26838500.0,0.0,,True,32,2,,,Jestha,2
1095,Development Banks,Salapa Bikas Bank Limited,SABBL,2.17,1769.0,2848090.0,0.0,,True,32,2,,,Jestha,2
70,Development Banks,Kamana Sewa Bikas Bank Limited,KSBBL,-0.39,12664.0,6144573.0,80.91,,True,32,2,,,Jestha,2
611,Hydro Power,Mountain Energy Nepal Limited,MEN,-0.33,15288.0,9157512.0,27.4,,True,32,2,,,Jestha,2
169,Hydro Power,Ngadi Group Power Ltd.,NGPL,1.01,10100.0,4734880.0,1136.23,,True,32,2,,,Jestha,2
176,Hydro Power,Sanima Mai Hydropower Ltd.,SHPC,0.13,25000.0,13222500.0,108.33,,True,32,2,,,Jestha,2
1023,Hydro Power,Suryakunda Hydro Electric Limited,SKHEL,1.91,417.0,371630.0,,,True,32,2,,,Jestha,2
1004,Hydro Power,Ridge Line Energy Limited,RLEL,2.79,861.0,810201.0,,,True,32,2,,,Jestha,2
1016,Hydro Power,Super Khudi Hydropower Limited,SKHL,6.74,938.0,1068007.0,,,True,32,2,,,Jestha,2
938,Hydro Power,Shikhar Power Development Limited,SIPD,2.0,1276.0,438816.0,,,True,32,2,,,Jestha,2
995,Hydro Power,Bhujung Hydropower Limited,BJHL,3.03,973.0,1206520.0,,,True,32,2,,,Jestha,2
1001,Hydro Power,Solu Hydropower Limited,SOHL,0.44,10263.0,7718802.0,,,True,32,2,,,Jestha,2
178,Hydro Power,Synergy Power Development Ltd.,SPDL,-0.15,1899.0,807075.0,111.23,,True,32,2,,,Jestha,2
856,Hydro Power,Makar Jitumaya Suri Hydropower Limited,MAKAR,1.94,36009.0,19160389.0,0.0,,True,32,2,,,Jestha,2
180,Hydro Power,United Modi Hydropower Ltd.,UMHL,-0.35,40000.0,25560000.0,-37.5,,True,32,2,,,Jestha,2
760,Hydro Power,Sahas Urja Ltd.,SAHAS,0.76,40000.0,24940000.0,-33.33,,True,32,2,,,Jestha,2
826,Non Life Insurance,Himalayan Everest Insurance Limited,HEI,0.77,45000.0,23535000.0,0.0,,True,32,2,,,Jestha,2
873,Non Life Insurance,Sagarmatha Lumbini Insurance Company Limited,SALICO,0.68,71667.0,43501869.0,2.14,,True,32,2,,,Jestha,2
876,Non Life Insurance,Siddhartha Premier Insurance Company Limited,SPIL,1.26,46000.0,34684000.0,2.22,,True,32,2,,,Jestha,2
249,Life Insurance,National Life Insurance Co. Ltd.,NLICL,0.2,50651.0,30086694.0,-9.55,,True,32,2,,,Jestha,2
846,Life Insurance,Suryajyoti Life Insurance Company Limited,SJLIC,-0.46,54000.0,24030000.0,8.0,,True,32,2,,,Jestha,2
242,Manufacturing and Processing,Unilever Nepal Limited,UNL,0.92,225.0,10507500.0,0.0,,True,32,2,,,Jestha,2
238,Manufacturing and Processing,Himalayan Distillery Limited,HDL,0.59,8495.0,9921311.0,,,True,32,2,,,Jestha,2
1040,Manufacturing and Processing,Palpa Cement Industries Limited,PCIL,1.85,3234.0,1173942.0,,,True,32,2,,,Jestha,2
1035,Manufacturing and Processing,SY Panel Nepal Limited,SYPNL,1.54,5102.0,9392782.0,0.0,,True,32,2,,,Jestha,2
1089,Manufacturing and Processing,Shreenagar Agritech Industries Limited,SAIL,2.29,3357.0,4350672.0,0.0,,True,32,2,,,Jestha,2
945,Others,Himalayan Re-Insurance Limited,HRL,0.22,52000.0,38584000.0,-13.33,,True,32,2,,,Jestha,2
149,Hotels and Tourism,Soaltee Hotel Limited,SHL,0.22,36065.0,18321020.0,-16.28,,True,32,2,,,Jestha,2
986,Hotels and Tourism,Hotel Forest Inn Limited,HFIN,4.17,3895.0,3210259.0,0.0,,True,32,2,,,Jestha,2
231,Investment,Citizen Investment Trust,CIT,0.03,2000.0,3592000.0,,,True,32,2,,,Jestha,2
285,Microfinance,Infinity Laghubitta Bittiya Sanstha Limited,ILBS,0.11,26500.0,25652000.0,1.92,,True,32,2,,,Jestha,2
265,Microfinance,Chhimek Laghubitta Bittiya Sanstha Limited,CBBL,0.22,21000.0,19152000.0,5.0,,True,32,2,,,Jestha,2
982,Mutual Fund,Muktinath Mutual Fund 1,MNMF1,0.0,1017719.0,10034709.0,0.0,,True,32,2,,,Jestha,2
878,Mutual Fund,Siddhartha Investment Growth Scheme-3,SIGS3,0.93,122000.0,1281000.0,1.92,,True,32,2,,,Jestha,2
949,Mutual Fund,NIC Asia Growth Fund-2,NICGF2,-0.92,2611564.0,25097130.0,0.0,,True,32,2,,,Jestha,2
13,Commercial Banks,Global IME Bank Limited,GBIME,0.68,83000.0,19754000.0,0.0,,True,32,3,,,Ashadh,3
50,Commercial Banks,Standard Chartered Bank Limited,SCB,0.49,60000.0,39060000.0,0.0,,True,32,3,,,Ashadh,3
44,Commercial Banks,Prime Commercial Bank Limited,PCBL,0.63,20000.0,4910000.0,0.0,,True,32,3,,,Ashadh,3
11,Commercial Banks,Everest Bank Limited,EBL,0.03,62448.0,43588704.0,0.0,,True,32,3,,,Ashadh,3
27,Commercial Banks,Nabil Bank Limited,NABIL,0.4,23500.0,12455000.0,9.3,,True,32,3,,,Ashadh,3
46,Commercial Banks,Sanima Bank Limited,SANIMA,0.91,90000.0,31500000.0,12.5,,True,32,3,,,Ashadh,3
62,Development Banks,Garima Bikas Bank Limited,GBBL,0.48,65000.0,26838500.0,0.0,,True,32,3,,,Ashadh,3
1095,Development Banks,Salapa Bikas Bank Limited,SABBL,2.17,1769.0,2848090.0,0.0,,True,32,3,,,Ashadh,3
70,Development Banks,Kamana Sewa Bikas Bank Limited,KSBBL,-0.39,12664.0,6144573.0,80.91,,True,32,3,,,Ashadh,3
611,Hydro Power,Mountain Energy Nepal Limited,MEN,-0.33,15288.0,9157512.0,27.4,,True,32,3,,,Ashadh,3
169,Hydro Power,Ngadi Group Power Ltd.,NGPL,1.01,10100.0,4734880.0,1136.23,,True,32,3,,,Ashadh,3
176,Hydro Power,Sanima Mai Hydropower Ltd.,SHPC,0.13,25000.0,13222500.0,108.33,,True,32,3,,,Ashadh,3
1023,Hydro Power,Suryakunda Hydro Electric Limited,SKHEL,1.91,417.0,371630.0,,,True,32,3,,,Ashadh,3
1004,Hydro Power,Ridge Line Energy Limited,RLEL,2.79,861.0,810201.0,,,True,32,3,,,Ashadh,3
1016,Hydro Power,Super Khudi Hydropower Limited,SKHL,6.74,938.0,1068007.0,,,True,32,3,,,Ashadh,3
938,Hydro Power,Shikhar Power Development Limited,SIPD,2.0,1276.0,438816.0,,,True,32,3,,,Ashadh,3
995,Hydro Power,Bhujung Hydropower Limited,BJHL,3.03,973.0,1206520.0,,,True,32,3,,,Ashadh,3
1001,Hydro Power,Solu Hydropower Limited,SOHL,0.44,10263.0,7718802.0,,,True,32,3,,,Ashadh,3
178,Hydro Power,Synergy Power Development Ltd.,SPDL,-0.15,1899.0,807075.0,111.23,,True,32,3,,,Ashadh,3
856,Hydro Power,Makar Jitumaya Suri Hydropower Limited,MAKAR,1.94,36009.0,19160389.0,0.0,,True,32,3,,,Ashadh,3
180,Hydro Power,United Modi Hydropower Ltd.,UMHL,-0.35,40000.0,25560000.0,-37.5,,True,32,3,,,Ashadh,3
760,Hydro Power,Sahas Urja Ltd.,SAHAS,0.76,40000.0,24940000.0,-33.33,,True,32,3,,,Ashadh,3
826,Non Life Insurance,Himalayan Everest Insurance Limited,HEI,0.77,45000.0,23535000.0,0.0,,True,32,3,,,Ashadh,3
873,Non Life Insurance,Sagarmatha Lumbini Insurance Company Limited,SALICO,0.68,71667.0,43501869.0,2.14,,True,32,3,,,Ashadh,3
876,Non Life Insurance,Siddhartha Premier Insurance Company Limited,SPIL,1.26,46000.0,34684000.0,2.22,,True,32,3,,,Ashadh,3
249,Life Insurance,National Life Insurance Co. Ltd.,NLICL,0.2,50651.0,30086694.0,-9.55,,True,32,3,,,Ashadh,3
846,Life Insurance,Suryajyoti Life Insurance Company Limited,SJLIC,-0.46,54000.0,24030000.0,8.0,,True,32,3,,,Ashadh,3
242,Manufacturing and Processing,Unilever Nepal Limited,UNL,0.92,225.0,10507500.0,0.0,,True,32,3,,,Ashadh,3
238,Manufacturing and Processing,Himalayan Distillery Limited,HDL,0.59,8495.0,9921311.0,,,True,32,3,,,Ashadh,3
1040,Manufacturing and Processing,Palpa Cement Industries Limited,PCIL,1.85,3234.0,1173942.0,,,True,32,3,,,Ashadh,3
1035,Manufacturing and Processing,SY Panel Nepal Limited,SYPNL,1.54,5102.0,9392782.0,0.0,,True,32,3,,,Ashadh,3
1089,Manufacturing and Processing,Shreenagar Agritech Industries Limited,SAIL,2.29,3357.0,4350672.0,0.0,,True,32,3,,,Ashadh,3
945,Others,Himalayan Re-Insurance Limited,HRL,0.22,52000.0,38584000.0,-13.33,,True,32,3,,,Ashadh,3
149,Hotels and Tourism,Soaltee Hotel Limited,SHL,0.22,36065.0,18321020.0,-16.28,,True,32,3,,,Ashadh,3
986,Hotels and Tourism,Hotel Forest Inn Limited,HFIN,4.17,3895.0,3210259.0,0.0,,True,32,3,,,Ashadh,3
231,Investment,Citizen Investment Trust,CIT,0.03,2000.0,3592000.0,,,True,32,3,,,Ashadh,3
285,Microfinance,Infinity Laghubitta Bittiya Sanstha Limited,ILBS,0.11,26500.0,25652000.0,1.92,,True,32,3,,,Ashadh,3
265,Microfinance,Chhimek Laghubitta Bittiya Sanstha Limited,CBBL,0.22,21000.0,19152000.0,5.0,,True,32,3,,,Ashadh,3
982,Mutual Fund,Muktinath Mutual Fund 1,MNMF1,0.0,1017719.0,10034709.0,0.0,,True,32,3,,,Ashadh,3
878,Mutual Fund,Siddhartha Investment Growth Scheme-3,SIGS3,0.93,122000.0,1281000.0,1.92,,True,32,3,,,Ashadh,3
949,Mutual Fund,NIC Asia Growth Fund-2,NICGF2,-0.92,2611564.0,25097130.0,0.0,,True,32,3,,,Ashadh,3
13,Commercial Banks,Global IME Bank Limited,GBIME,0.68,83000.0,19754000.0,0.0,,True,32,4,,,Shrawan,4
50,Commercial Banks,Standard Chartered Bank Limited,SCB,0.49,60000.0,39060000.0,0.0,,True,32,4,,,Shrawan,4
44,Commercial Banks,Prime Commercial Bank Limited,PCBL,0.63,20000.0,4910000.0,0.0,,True,32,4,,,Shrawan,4
11,Commercial Banks,Everest Bank Limited,EBL,0.03,62448.0,43588704.0,0.0,,True,32,4,,,Shrawan,4
27,Commercial Banks,Nabil Bank Limited,NABIL,0.4,23500.0,12455000.0,9.3,,True,32,4,,,Shrawan,4
46,Commercial Banks,Sanima Bank Limited,SANIMA,0.91,90000.0,31500000.0,12.5,,True,32,4,,,Shrawan,4
62,Development Banks,Garima Bikas Bank Limited,GBBL,0.48,65000.0,26838500.0,0.0,,True,32,4,,,Shrawan,4
1095,Development Banks,Salapa Bikas Bank Limited,SABBL,2.17,1769.0,2848090.0,0.0,,True,32,4,,,Shrawan,4
70,Development Banks,Kamana Sewa Bikas Bank Limited,KSBBL,-0.39,12664.0,6144573.0,80.91,,True,32,4,,,Shrawan,4
611,Hydro Power,Mountain Energy Nepal Limited,MEN,-0.33,15288.0,9157512.0,27.4,,True,32,4,,,Shrawan,4
169,Hydro Power,Ngadi Group Power Ltd.,NGPL,1.01,10100.0,4734880.0,1136.23,,True,32,4,,,Shrawan,4
176,Hydro Power,Sanima Mai Hydropower Ltd.,SHPC,0.13,25000.0,13222500.0,108.33,,True,32,4,,,Shrawan,4
1023,Hydro Power,Suryakunda Hydro Electric Limited,SKHEL,1.91,417.0,371630.0,,,True,32,4,,,Shrawan,4
1004,Hydro Power,Ridge Line Energy Limited,RLEL,2.79,861.0,810201.0,,,True,32,4,,,Shrawan,4
1016,Hydro Power,Super Khudi Hydropower Limited,SKHL,6.74,938.0,1068007.0,,,True,32,4,,,Shrawan,4
938,Hydro Power,Shikhar Power Development Limited,SIPD,2.0,1276.0,438816.0,,,True,32,4,,,Shrawan,4
995,Hydro Power,Bhujung Hydropower Limited,BJHL,3.03,973.0,1206520.0,,,True,32,4,,,Shrawan,4
1001,Hydro Power,Solu Hydropower Limited,SOHL,0.44,10263.0,7718802.0,,,True,32,4,,,Shrawan,4
178,Hydro Power,Synergy Power Development Ltd.,SPDL,-0.15,1899.0,807075.0,111.23,,True,32,4,,,Shrawan,4
856,Hydro Power,Makar Jitumaya Suri Hydropower Limited,MAKAR,1.94,36009.0,19160389.0,0.0,,True,32,4,,,Shrawan,4
180,Hydro Power,United Modi Hydropower Ltd.,UMHL,-0.35,40000.0,25560000.0,-37.5,,True,32,4,,,Shrawan,4
760,Hydro Power,Sahas Urja Ltd.,SAHAS,0.76,40000.0,24940000.0,-33.33,,True,32,4,,,Shrawan,4
826,Non Life Insurance,Himalayan Everest Insurance Limited,HEI,0.77,45000.0,23535000.0,0.0,,True,32,4,,,Shrawan,4
873,Non Life Insurance,Sagarmatha Lumbini Insurance Company Limited,SALICO,0.68,71667.0,43501869.0,2.14,,True,32,4,,,Shrawan,4
876,Non Life Insurance,Siddhartha Premier Insurance Company Limited,SPIL,1.26,46000.0,34684000.0,2.22,,True,32,4,,,Shrawan,4
249,Life Insurance,National Life Insurance Co. Ltd.,NLICL,0.2,50651.0,30086694.0,-9.55,,True,32,4,,,Shrawan,4
846,Life Insurance,Suryajyoti Life Insurance Company Limited,SJLIC,-0.46,54000.0,24030000.0,8.0,,True,32,4,,,Shrawan,4
242,Manufacturing and Processing,Unilever Nepal Limited,UNL,0.92,225.0,10507500.0,0.0,,True,32,4,,,Shrawan,4
238,Manufacturing and Processing,Himalayan Distillery Limited,HDL,0.59,8495.0,9921311.0,,,True,32,4,,,Shrawan,4
1040,Manufacturing and Processing,Palpa Cement Industries Limited,PCIL,1.85,3234.0,1173942.0,,,True,32,4,,,Shrawan,4
1035,Manufacturing and Processing,SY Panel Nepal Limited,SYPNL,1.54,5102.0,9392782.0,0.0,,True,32,4,,,Shrawan,4
1089,Manufacturing and Processing,Shreenagar Agritech Industries Limited,SAIL,2.29,3357.0,4350672.0,0.0,,True,32,4,,,Shrawan,4
945,Others,Himalayan Re-Insurance Limited,HRL,0.22,52000.0,38584000.0,-13.33,,True,32,4,,,Shrawan,4
149,Hotels and Tourism,Soaltee Hotel Limited,SHL,0.22,36065.0,18321020.0,-16.28,,True,32,4,,,Shrawan,4
986,Hotels and Tourism,Hotel Forest Inn Limited,HFIN,4.17,3895.0,3210259.0,0.0,,True,32,4,,,Shrawan,4
231,Investment,Citizen Investment Trust,CIT,0.03,2000.0,3592000.0,,,True,32,4,,,Shrawan,4
285,Microfinance,Infinity Laghubitta Bittiya Sanstha Limited,ILBS,0.11,26500.0,25652000.0,1.92,,True,32,4,,,Shrawan,4
265,Microfinance,Chhimek Laghubitta Bittiya Sanstha Limited,CBBL,0.22,21000.0,19152000.0,5.0,,True,32,4,,,Shrawan,4
982,Mutual Fund,Muktinath Mutual Fund 1,MNMF1,0.0,1017719.0,10034709.0,0.0,,True,32,4,,,Shrawan,4
878,Mutual Fund,Siddhartha Investment Growth Scheme-3,SIGS3,0.93,122000.0,1281000.0,1.92,,True,32,4,,,Shrawan,4
949,Mutual Fund,NIC Asia Growth Fund-2,NICGF2,-0.92,2611564.0,25097130.0,0.0,,True,32,4,,,Shrawan,4
13,Commercial Banks,Global IME Bank Limited,GBIME,0.68,83000.0,19754000.0,0.0,,True,32,5,,,Bhadra,5
50,Commercial Banks,Standard Chartered Bank Limited,SCB,0.49,60000.0,39060000.0,0.0,,True,32,5,,,Bhadra,5
44,Commercial Banks,Prime Commercial Bank Limited,PCBL,0.63,20000.0,4910000.0,0.0,,True,32,5,,,Bhadra,5
11,Commercial Banks,Everest Bank Limited,EBL,0.03,62448.0,43588704.0,0.0,,True,32,5,,,Bhadra,5
27,Commercial Banks,Nabil Bank Limited,NABIL,0.4,23500.0,12455000.0,9.3,,True,32,5,,,Bhadra,5
46,Commercial Banks,Sanima Bank Limited,SANIMA,0.91,90000.0,31500000.0,12.5,,True,32,5,,,Bhadra,5
62,Development Banks,Garima Bikas Bank Limited,GBBL,0.48,65000.0,26838500.0,0.0,,True,32,5,,,Bhadra,5
1095,Development Banks,Salapa Bikas Bank Limited,SABBL,2.17,1769.0,2848090.0,0.0,,True,32,5,,,Bhadra,5
70,Development Banks,Kamana Sewa Bikas Bank Limited,KSBBL,-0.39,12664.0,6144573.0,80.91,,True,32,5,,,Bhadra,5
611,Hydro Power,Mountain Energy Nepal Limited,MEN,-0.33,15288.0,9157512.0,27.4,,True,32,5,,,Bhadra,5
169,Hydro Power,Ngadi Group Power Ltd.,NGPL,1.01,10100.0,4734880.0,1136.23,,True,32,5,,,Bhadra,5
176,Hydro Power,Sanima Mai Hydropower Ltd.,SHPC,0.13,25000.0,13222500.0,108.33,,True,32,5,,,Bhadra,5
1023,Hydro Power,Suryakunda Hydro Electric Limited,SKHEL,1.91,417.0,371630.0,,,True,32,5,,,Bhadra,5
1004,Hydro Power,Ridge Line Energy Limited,RLEL,2.79,861.0,810201.0,,,True,32,5,,,Bhadra,5
1016,Hydro Power,Super Khudi Hydropower Limited,SKHL,6.74,938.0,1068007.0,,,True,32,5,,,Bhadra,5
938,Hydro Power,Shikhar Power Development Limited,SIPD,2.0,1276.0,438816.0,,,True,32,5,,,Bhadra,5
995,Hydro Power,Bhujung Hydropower Limited,BJHL,3.03,973.0,1206520.0,,,True,32,5,,,Bhadra,5
1001,Hydro Power,Solu Hydropower Limited,SOHL,0.44,10263.0,7718802.0,,,True,32,5,,,Bhadra,5
178,Hydro Power,Synergy Power Development Ltd.,SPDL,-0.15,1899.0,807075.0,111.23,,True,32,5,,,Bhadra,5
856,Hydro Power,Makar Jitumaya Suri Hydropower Limited,MAKAR,1.94,36009.0,19160389.0,0.0,,True,32,5,,,Bhadra,5
180,Hydro Power,United Modi Hydropower Ltd.,UMHL,-0.35,40000.0,25560000.0,-37.5,,True,32,5,,,Bhadra,5
760,Hydro Power,Sahas Urja Ltd.,SAHAS,0.76,40000.0,24940000.0,-33.33,,True,32,5,,,Bhadra,5
826,Non Life Insurance,Himalayan Everest Insurance Limited,HEI,0.77,45000.0,23535000.0,0.0,,True,32,5,,,Bhadra,5
873,Non Life Insurance,Sagarmatha Lumbini Insurance Company Limited,SALICO,0.68,71667.0,43501869.0,2.14,,True,32,5,,,Bhadra,5
876,Non Life Insurance,Siddhartha Premier Insurance Company Limited,SPIL,1.26,46000.0,34684000.0,2.22,,True,32,5,,,Bhadra,5
249,Life Insurance,National Life Insurance Co. Ltd.,NLICL,0.2,50651.0,30086694.0,-9.55,,True,32,5,,,Bhadra,5
846,Life Insurance,Suryajyoti Life Insurance Company Limited,SJLIC,-0.46,54000.0,24030000.0,8.0,,True,32,5,,,Bhadra,5
242,Manufacturing and Processing,Unilever Nepal Limited,UNL,0.92,225.0,10507500.0,0.0,,True,32,5,,,Bhadra,5
238,Manufacturing and Processing,Himalayan Distillery Limited,HDL,0.59,8495.0,9921311.0,,,True,32,5,,,Bhadra,5
1040,Manufacturing and Processing,Palpa Cement Industries Limited,PCIL,1.85,3234.0,1173942.0,,,True,32,5,,,Bhadra,5
1035,Manufacturing and Processing,SY Panel Nepal Limited,SYPNL,1.54,5102.0,9392782.0,0.0,,True,32,5,,,Bhadra,5
1089,Manufacturing and Processing,Shreenagar Agritech Industries Limited,SAIL,2.29,3357.0,4350672.0,0.0,,True,32,5,,,Bhadra,5
945,Others,Himalayan Re-Insurance Limited,HRL,0.22,52000.0,38584000.0,-13.33,,True,32,5,,,Bhadra,5
149,Hotels and Tourism,Soaltee Hotel Limited,SHL,0.22,36065.0,18321020.0,-16.28,,True,32,5,,,Bhadra,5
986,Hotels and Tourism,Hotel Forest Inn Limited,HFIN,4.17,3895.0,3210259.0,0.0,,True,32,5,,,Bhadra,5
231,Investment,Citizen Investment Trust,CIT,0.03,2000.0,3592000.0,,,True,32,5,,,Bhadra,5
285,Microfinance,Infinity Laghubitta Bittiya Sanstha Limited,ILBS,0.11,26500.0,25652000.0,1.92,,True,32,5,,,Bhadra,5
265,Microfinance,Chhimek Laghubitta Bittiya Sanstha Limited,CBBL,0.22,21000.0,19152000.0,5.0,,True,32,5,,,Bhadra,5
982,Mutual Fund,Muktinath Mutual Fund 1,MNMF1,0.0,1017719.0,10034709.0,0.0,,True,32,5,,,Bhadra,5
878,Mutual Fund,Siddhartha Investment Growth Scheme-3,SIGS3,0.93,122000.0,1281000.0,1.92,,True,32,5,,,Bhadra,5
949,Mutual Fund,NIC Asia Growth Fund-2,NICGF2,-0.92,2611564.0,25097130.0,0.0,,True,32,5,,,Bhadra,5
13,Commercial Banks,Global IME Bank Limited,GBIME,0.68,83000.0,19754000.0,0.0,,True,32,6,,,Ashwin,6
50,Commercial Banks,Standard Chartered Bank Limited,SCB,0.49,60000.0,39060000.0,0.0,,True,32,6,,,Ashwin,6
44,Commercial Banks,Prime Commercial Bank Limited,PCBL,0.63,20000.0,4910000.0,0.0,,True,32,6,,,Ashwin,6
11,Commercial Banks,Everest Bank Limited,EBL,0.03,62448.0,43588704.0,0.0,,True,32,6,,,Ashwin,6
27,Commercial Banks,Nabil Bank Limited,NABIL,0.4,23500.0,12455000.0,9.3,,True,32,6,,,Ashwin,6
46,Commercial Banks,Sanima Bank Limited,SANIMA,0.91,90000.0,31500000.0,12.5,,True,32,6,,,Ashwin,6
62,Development Banks,Garima Bikas Bank Limited,GBBL,0.48,65000.0,26838500.0,0.0,,True,32,6,,,Ashwin,6
1095,Development Banks,Salapa Bikas Bank Limited,SABBL,2.17,1769.0,2848090.0,0.0,,True,32,6,,,Ashwin,6
70,Development Banks,Kamana Sewa Bikas Bank Limited,KSBBL,-0.39,12664.0,6144573.0,80.91,,True,32,6,,,Ashwin,6
611,Hydro Power,Mountain Energy Nepal Limited,MEN,-0.33,15288.0,9157512.0,27.4,,True,32,6,,,Ashwin,6
169,Hydro Power,Ngadi Group Power Ltd.,NGPL,1.01,10100.0,4734880.0,1136.23,,True,32,6,,,Ashwin,6
176,Hydro Power,Sanima Mai Hydropower Ltd.,SHPC,0.13,25000.0,13222500.0,108.33,,True,32,6,,,Ashwin,6
1023,Hydro Power,Suryakunda Hydro Electric Limited,SKHEL,1.91,417.0,371630.0,,,True,32,6,,,Ashwin,6
1004,Hydro Power,Ridge Line Energy Limited,RLEL,2.79,861.0,810201.0,,,True,32,6,,,Ashwin,6
1016,Hydro Power,Super Khudi Hydropower Limited,SKHL,6.74,938.0,1068007.0,,,True,32,6,,,Ashwin,6
938,Hydro Power,Shikhar Power Development Limited,SIPD,2.0,1276.0,438816.0,,,True,32,6,,,Ashwin,6
995,Hydro Power,Bhujung Hydropower Limited,BJHL,3.03,973.0,1206520.0,,,True,32,6,,,Ashwin,6
1001,Hydro Power,Solu Hydropower Limited,SOHL,0.44,10263.0,7718802.0,,,True,32,6,,,Ashwin,6
178,Hydro Power,Synergy Power Development Ltd.,SPDL,-0.15,1899.0,807075.0,111.23,,True,32,6,,,Ashwin,6
856,Hydro Power,Makar Jitumaya Suri Hydropower Limited,MAKAR,1.94,36009.0,19160389.0,0.0,,True,32,6,,,Ashwin,6
180,Hydro Power,United Modi Hydropower Ltd.,UMHL,-0.35,40000.0,25560000.0,-37.5,,True,32,6,,,Ashwin,6
760,Hydro Power,Sahas Urja Ltd.,SAHAS,0.76,40000.0,24940000.0,-33.33,,True,32,6,,,Ashwin,6
826,Non Life Insurance,Himalayan Everest Insurance Limited,HEI,0.77,45000.0,23535000.0,0.0,,True,32,6,,,Ashwin,6
873,Non Life Insurance,Sagarmatha Lumbini Insurance Company Limited,SALICO,0.68,71667.0,43501869.0,2.14,,True,32,6,,,Ashwin,6
876,Non Life Insurance,Siddhartha Premier Insurance Company Limited,SPIL,1.26,46000.0,34684000.0,2.22,,True,32,6,,,Ashwin,6
249,Life Insurance,National Life Insurance Co. Ltd.,NLICL,0.2,50651.0,30086694.0,-9.55,,True,32,6,,,Ashwin,6
846,Life Insurance,Suryajyoti Life Insurance Company Limited,SJLIC,-0.46,54000.0,24030000.0,8.0,,True,32,6,,,Ashwin,6
242,Manufacturing and Processing,Unilever Nepal Limited,UNL,0.92,225.0,10507500.0,0.0,,True,32,6,,,Ashwin,6
238,Manufacturing and Processing,Himalayan Distillery Limited,HDL,0.59,8495.0,9921311.0,,,True,32,6,,,Ashwin,6
1040,Manufacturing and Processing,Palpa Cement Industries Limited,PCIL,1.85,3234.0,1173942.0,,,True,32,6,,,Ashwin,6
1035,Manufacturing and Processing,SY Panel Nepal Limited,SYPNL,1.54,5102.0,9392782.0,0.0,,True,32,6,,,Ashwin,6
1089,Manufacturing and Processing,Shreenagar Agritech Industries Limited,SAIL,2.29,3357.0,4350672.0,0.0,,True,32,6,,,Ashwin,6
945,Others,Himalayan Re-Insurance Limited,HRL,0.22,52000.0,38584000.0,-13.33,,True,32,6,,,Ashwin,6
149,Hotels and Tourism,Soaltee Hotel Limited,SHL,0.22,36065.0,18321020.0,-16.28,,True,32,6,,,Ashwin,6
986,Hotels and Tourism,Hotel Forest Inn Limited,HFIN,4.17,3895.0,3210259.0,0.0,,True,32,6,,,Ashwin,6
231,Investment,Citizen Investment Trust,CIT,0.03,2000.0,3592000.0,,,True,32,6,,,Ashwin,6
285,Microfinance,Infinity Laghubitta Bittiya Sanstha Limited,ILBS,0.11,26500.0,25652000.0,1.92,,True,32,6,,,Ashwin,6
265,Microfinance,Chhimek Laghubitta Bittiya Sanstha Limited,CBBL,0.22,21000.0,19152000.0,5.0,,True,32,6,,,Ashwin,6
982,Mutual Fund,Muktinath Mutual Fund 1,MNMF1,0.0,1017719.0,10034709.0,0.0,,True,32,6,,,Ashwin,6
878,Mutual Fund,Siddhartha Investment Growth Scheme-3,SIGS3,0.93,122000.0,1281000.0,1.92,,True,32,6,,,Ashwin,6
949,Mutual Fund,NIC Asia Growth Fund-2,NICGF2,-0.92,2611564.0,25097130.0,0.0,,True,32,6,,,Ashwin,6
13,Commercial Banks,Global IME Bank Limited,GBIME,0.68,83000.0,19754000.0,0.0,,True,32,7,,,Kartik,7
50,Commercial Banks,Standard Chartered Bank Limited,SCB,0.49,60000.0,39060000.0,0.0,,True,32,7,,,Kartik,7
44,Commercial Banks,Prime Commercial Bank Limited,PCBL,0.63,20000.0,4910000.0,0.0,,True,32,7,,,Kartik,7
11,Commercial Banks,Everest Bank Limited,EBL,0.03,62448.0,43588704.0,0.0,,True,32,7,,,Kartik,7
27,Commercial Banks,Nabil Bank Limited,NABIL,0.4,23500.0,12455000.0,9.3,,True,32,7,,,Kartik,7
46,Commercial Banks,Sanima Bank Limited,SANIMA,0.91,90000.0,31500000.0,12.5,,True,32,7,,,Kartik,7
62,Development Banks,Garima Bikas Bank Limited,GBBL,0.48,65000.0,26838500.0,0.0,,True,32,7,,,Kartik,7
1095,Development Banks,Salapa Bikas Bank Limited,SABBL,2.17,1769.0,2848090.0,0.0,,True,32,7,,,Kartik,7
70,Development Banks,Kamana Sewa Bikas Bank Limited,KSBBL,-0.39,12664.0,6144573.0,80.91,,True,32,7,,,Kartik,7
611,Hydro Power,Mountain Energy Nepal Limited,MEN,-0.33,15288.0,9157512.0,27.4,,True,32,7,,,Kartik,7
169,Hydro Power,Ngadi Group Power Ltd.,NGPL,1.01,10100.0,4734880.0,1136.23,,True,32,7,,,Kartik,7
176,Hydro Power,Sanima Mai Hydropower Ltd.,SHPC,0.13,25000.0,13222500.0,108.33,,True,32,7,,,Kartik,7
1023,Hydro Power,Suryakunda Hydro Electric Limited,SKHEL,1.91,417.0,371630.0,,,True,32,7,,,Kartik,7
1004,Hydro Power,Ridge Line Energy Limited,RLEL,2.79,861.0,810201.0,,,True,32,7,,,Kartik,7
1016,Hydro Power,Super Khudi Hydropower Limited,SKHL,6.74,938.0,1068007.0,,,True,32,7,,,Kartik,7
938,Hydro Power,Shikhar Power Development Limited,SIPD,2.0,1276.0,438816.0,,,True,32,7,,,Kartik,7
995,Hydro Power,Bhujung Hydropower Limited,BJHL,3.03,973.0,1206520.0,,,True,32,7,,,Kartik,7
1001,Hydro Power,Solu Hydropower Limited,SOHL,0.44,10263.0,7718802.0,,,True,32,7,,,Kartik,7
178,Hydro Power,Synergy Power Development Ltd.,SPDL,-0.15,1899.0,807075.0,111.23,,True,32,7,,,Kartik,7
856,Hydro Power,Makar Jitumaya Suri Hydropower Limited,MAKAR,1.94,36009.0,19160389.0,0.0,,True,32,7,,,Kartik,7
180,Hydro Power,United Modi Hydropower Ltd.,UMHL,-0.35,40000.0,25560000.0,-37.5,,True,32,7,,,Kartik,7
760,Hydro Power,Sahas Urja Ltd.,SAHAS,0.76,40000.0,24940000.0,-33.33,,True,32,7,,,Kartik,7
826,Non Life Insurance,Himalayan Everest Insurance Limited,HEI,0.77,45000.0,23535000.0,0.0,,True,32,7,,,Kartik,7
873,Non Life Insurance,Sagarmatha Lumbini Insurance Company Limited,SALICO,0.68,71667.0,43501869.0,2.14,,True,32,7,,,Kartik,7
876,Non Life Insurance,Siddhartha Premier Insurance Company Limited,SPIL,1.26,46000.0,34684000.0,2.22,,True,32,7,,,Kartik,7
249,Life Insurance,National Life Insurance Co. Ltd.,NLICL,0.2,50651.0,30086694.0,-9.55,,True,32,7,,,Kartik,7
846,Life Insurance,Suryajyoti Life Insurance Company Limited,SJLIC,-0.46,54000.0,24030000.0,8.0,,True,32,7,,,Kartik,7
242,Manufacturing and Processing,Unilever Nepal Limited,UNL,0.92,225.0,10507500.0,0.0,,True,32,7,,,Kartik,7
238,Manufacturing and Processing,Himalayan Distillery Limited,HDL,0.59,8495.0,9921311.0,,,True,32,7,,,Kartik,7
1040,Manufacturing and Processing,Palpa Cement Industries Limited,PCIL,1.85,3234.0,1173942.0,,,True,32,7,,,Kartik,7
1035,Manufacturing and Processing,SY Panel Nepal Limited,SYPNL,1.54,5102.0,9392782.0,0.0,,True,32,7,,,Kartik,7
1089,Manufacturing and Processing,Shreenagar Agritech Industries Limited,SAIL,2.29,3357.0,4350672.0,0.0,,True,32,7,,,Kartik,7
945,Others,Himalayan Re-Insurance Limited,HRL,0.22,52000.0,38584000.0,-13.33,,True,32,7,,,Kartik,7
149,Hotels and Tourism,Soaltee Hotel Limited,SHL,0.22,36065.0,18321020.0,-16.28,,True,32,7,,,Kartik,7
986,Hotels and Tourism,Hotel Forest Inn Limited,HFIN,4.17,3895.0,3210259.0,0.0,,True,32,7,,,Kartik,7
231,Investment,Citizen Investment Trust,CIT,0.03,2000.0,3592000.0,,,True,32,7,,,Kartik,7
285,Microfinance,Infinity Laghubitta Bittiya Sanstha Limited,ILBS,0.11,26500.0,25652000.0,1.92,,True,32,7,,,Kartik,7
265,Microfinance,Chhimek Laghubitta Bittiya Sanstha Limited,CBBL,0.22,21000.0,19152000.0,5.0,,True,32,7,,,Kartik,7
982,Mutual Fund,Muktinath Mutual Fund 1,MNMF1,0.0,1017719.0,10034709.0,0.0,,True,32,7,,,Kartik,7
878,Mutual Fund,Siddhartha Investment Growth Scheme-3,SIGS3,0.93,122000.0,1281000.0,1.92,,True,32,7,,,Kartik,7
949,Mutual Fund,NIC Asia Growth Fund-2,NICGF2,-0.92,2611564.0,25097130.0,0.0,,True,32,7,,,Kartik,7
13,Commercial Banks,Global IME Bank Limited,GBIME,0.68,83000.0,19754000.0,0.0,,True,32,8,,,Mangsir,8
50,Commercial Banks,Standard Chartered Bank Limited,SCB,0.49,60000.0,39060000.0,0.0,,True,32,8,,,Mangsir,8
44,Commercial Banks,Prime Commercial Bank Limited,PCBL,0.63,20000.0,4910000.0,0.0,,True,32,8,,,Mangsir,8
11,Commercial Banks,Everest Bank Limited,EBL,0.03,62448.0,43588704.0,0.0,,True,32,8,,,Mangsir,8
27,Commercial Banks,Nabil Bank Limited,NABIL,0.4,23500.0,12455000.0,9.3,,True,32,8,,,Mangsir,8
46,Commercial Banks,Sanima Bank Limited,SANIMA,0.91,90000.0,31500000.0,12.5,,True,32,8,,,Mangsir,8
62,Development Banks,Garima Bikas Bank Limited,GBBL,0.48,65000.0,26838500.0,0.0,,True,32,8,,,Mangsir,8
1095,Development Banks,Salapa Bikas Bank Limited,SABBL,2.17,1769.0,2848090.0,0.0,,True,32,8,,,Mangsir,8
70,Development Banks,Kamana Sewa Bikas Bank Limited,KSBBL,-0.39,12664.0,6144573.0,80.91,,True,32,8,,,Mangsir,8
611,Hydro Power,Mountain Energy Nepal Limited,MEN,-0.33,15288.0,9157512.0,27.4,,True,32,8,,,Mangsir,8
169,Hydro Power,Ngadi Group Power Ltd.,NGPL,1.01,10100.0,4734880.0,1136.23,,True,32,8,,,Mangsir,8
176,Hydro Power,Sanima Mai Hydropower Ltd.,SHPC,0.13,25000.0,13222500.0,108.33,,True,32,8,,,Mangsir,8
1023,Hydro Power,Suryakunda Hydro Electric Limited,SKHEL,1.91,417.0,371630.0,,,True,32,8,,,Mangsir,8
1004,Hydro Power,Ridge Line Energy Limited,RLEL,2.79,861.0,810201.0,,,True,32,8,,,Mangsir,8
1016,Hydro Power,Super Khudi Hydropower Limited,SKHL,6.74,938.0,1068007.0,,,True,32,8,,,Mangsir,8
938,Hydro Power,Shikhar Power Development Limited,SIPD,2.0,1276.0,438816.0,,,True,32,8,,,Mangsir,8
995,Hydro Power,Bhujung Hydropower Limited,BJHL,3.03,973.0,1206520.0,,,True,32,8,,,Mangsir,8
1001,Hydro Power,Solu Hydropower Limited,SOHL,0.44,10263.0,7718802.0,,,True,32,8,,,Mangsir,8
178,Hydro Power,Synergy Power Development Ltd.,SPDL,-0.15,1899.0,807075.0,111.23,,True,32,8,,,Mangsir,8
856,Hydro Power,Makar Jitumaya Suri Hydropower Limited,MAKAR,1.94,36009.0,19160389.0,0.0,,True,32,8,,,Mangsir,8
180,Hydro Power,United Modi Hydropower Ltd.,UMHL,-0.35,40000.0,25560000.0,-37.5,,True,32,8,,,Mangsir,8
760,Hydro Power,Sahas Urja Ltd.,SAHAS,0.76,40000.0,24940000.0,-33.33,,True,32,8,,,Mangsir,8
826,Non Life Insurance,Himalayan Everest Insurance Limited,HEI,0.77,45000.0,23535000.0,0.0,,True,32,8,,,Mangsir,8
873,Non Life Insurance,Sagarmatha Lumbini Insurance Company Limited,SALICO,0.68,71667.0,43501869.0,2.14,,True,32,8,,,Mangsir,8
876,Non Life Insurance,Siddhartha Premier Insurance Company Limited,SPIL,1.26,46000.0,34684000.0,2.22,,True,32,8,,,Mangsir,8
249,Life Insurance,National Life Insurance Co. Ltd.,NLICL,0.2,50651.0,30086694.0,-9.55,,True,32,8,,,Mangsir,8
846,Life Insurance,Suryajyoti Life Insurance Company Limited,SJLIC,-0.46,54000.0,24030000.0,8.0,,True,32,8,,,Mangsir,8
242,Manufacturing and Processing,Unilever Nepal Limited,UNL,0.92,225.0,10507500.0,0.0,,True,32,8,,,Mangsir,8
238,Manufacturing and Processing,Himalayan Distillery Limited,HDL,0.59,8495.0,9921311.0,,,True,32,8,,,Mangsir,8
1040,Manufacturing and Processing,Palpa Cement Industries Limited,PCIL,1.85,3234.0,1173942.0,,,True,32,8,,,Mangsir,8
1035,Manufacturing and Processing,SY Panel Nepal Limited,SYPNL,1.54,5102.0,9392782.0,0.0,,True,32,8,,,Mangsir,8
1089,Manufacturing and Processing,Shreenagar Agritech Industries Limited,SAIL,2.29,3357.0,4350672.0,0.0,,True,32,8,,,Mangsir,8
945,Others,Himalayan Re-Insurance Limited,HRL,0.22,52000.0,38584000.0,-13.33,,True,32,8,,,Mangsir,8
149,Hotels and Tourism,Soaltee Hotel Limited,SHL,0.22,36065.0,18321020.0,-16.28,,True,32,8,,,Mangsir,8
986,Hotels and Tourism,Hotel Forest Inn Limited,HFIN,4.17,3895.0,3210259.0,0.0,,True,32,8,,,Mangsir,8
231,Investment,Citizen Investment Trust,CIT,0.03,2000.0,3592000.0,,,True,32,8,,,Mangsir,8
285,Microfinance,Infinity Laghubitta Bittiya Sanstha Limited,ILBS,0.11,26500.0,25652000.0,1.92,,True,32,8,,,Mangsir,8
265,Microfinance,Chhimek Laghubitta Bittiya Sanstha Limited,CBBL,0.22,21000.0,19152000.0,5.0,,True,32,8,,,Mangsir,8
982,Mutual Fund,Muktinath Mutual Fund 1,MNMF1,0.0,1017719.0,10034709.0,0.0,,True,32,8,,,Mangsir,8
878,Mutual Fund,Siddhartha Investment Growth Scheme-3,SIGS3,0.93,122000.0,1281000.0,1.92,,True,32,8,,,Mangsir,8
949,Mutual Fund,NIC Asia Growth Fund-2,NICGF2,-0.92,2611564.0,25097130.0,0.0,,True,32,8,,,Mangsir,8
13,Commercial Banks,Global IME Bank Limited,GBIME,0.68,83000.0,19754000.0,0.0,,True,32,9,,,Poush,9
50,Commercial Banks,Standard Chartered Bank Limited,SCB,0.49,60000.0,39060000.0,0.0,,True,32,9,,,Poush,9
44,Commercial Banks,Prime Commercial Bank Limited,PCBL,0.63,20000.0,4910000.0,0.0,,True,32,9,,,Poush,9
11,Commercial Banks,Everest Bank Limited,EBL,0.03,62448.0,43588704.0,0.0,,True,32,9,,,Poush,9
27,Commercial Banks,Nabil Bank Limited,NABIL,0.4,23500.0,12455000.0,9.3,,True,32,9,,,Poush,9
46,Commercial Banks,Sanima Bank Limited,SANIMA,0.91,90000.0,31500000.0,12.5,,True,32,9,,,Poush,9
62,Development Banks,Garima Bikas Bank Limited,GBBL,0.48,65000.0,26838500.0,0.0,,True,32,9,,,Poush,9
1095,Development Banks,Salapa Bikas Bank Limited,SABBL,2.17,1769.0,2848090.0,0.0,,True,32,9,,,Poush,9
70,Development Banks,Kamana Sewa Bikas Bank Limited,KSBBL,-0.39,12664.0,6144573.0,80.91,,True,32,9,,,Poush,9
611,Hydro Power,Mountain Energy Nepal Limited,MEN,-0.33,15288.0,9157512.0,27.4,,True,32,9,,,Poush,9
169,Hydro Power,Ngadi Group Power Ltd.,NGPL,1.01,10100.0,4734880.0,1136.23,,True,32,9,,,Poush,9
176,Hydro Power,Sanima Mai Hydropower Ltd.,SHPC,0.13,25000.0,13222500.0,108.33,,True,32,9,,,Poush,9
1023,Hydro Power,Suryakunda Hydro Electric Limited,SKHEL,1.91,417.0,371630.0,,,True,32,9,,,Poush,9
1004,Hydro Power,Ridge Line Energy Limited,RLEL,2.79,861.0,810201.0,,,True,32,9,,,Poush,9
1016,Hydro Power,Super Khudi Hydropower Limited,SKHL,6.74,938.0,1068007.0,,,True,32,9,,,Poush,9
938,Hydro Power,Shikhar Power Development Limited,SIPD,2.0,1276.0,438816.0,,,True,32,9,,,Poush,9
995,Hydro Power,Bhujung Hydropower Limited,BJHL,3.03,973.0,1206520.0,,,True,32,9,,,Poush,9
1001,Hydro Power,Solu Hydropower Limited,SOHL,0.44,10263.0,7718802.0,,,True,32,9,,,Poush,9
178,Hydro Power,Synergy Power Development Ltd.,SPDL,-0.15,1899.0,807075.0,111.23,,True,32,9,,,Poush,9
856,Hydro Power,Makar Jitumaya Suri Hydropower Limited,MAKAR,1.94,36009.0,19160389.0,0.0,,True,32,9,,,Poush,9
180,Hydro Power,United Modi Hydropower Ltd.,UMHL,-0.35,40000.0,25560000.0,-37.5,,True,32,9,,,Poush,9
760,Hydro Power,Sahas Urja Ltd.,SAHAS,0.76,40000.0,24940000.0,-33.33,,True,32,9,,,Poush,9
826,Non Life Insurance,Himalayan Everest Insurance Limited,HEI,0.77,45000.0,23535000.0,0.0,,True,32,9,,,Poush,9
873,Non Life Insurance,Sagarmatha Lumbini Insurance Company Limited,SALICO,0.68,71667.0,43501869.0,2.14,,True,32,9,,,Poush,9
876,Non Life Insurance,Siddhartha Premier Insurance Company Limited,SPIL,1.26,46000.0,34684000.0,2.22,,True,32,9,,,Poush,9
249,Life Insurance,National Life Insurance Co. Ltd.,NLICL,0.2,50651.0,30086694.0,-9.55,,True,32,9,,,Poush,9
846,Life Insurance,Suryajyoti Life Insurance Company Limited,SJLIC,-0.46,54000.0,24030000.0,8.0,,True,32,9,,,Poush,9
242,Manufacturing and Processing,Unilever Nepal Limited,UNL,0.92,225.0,10507500.0,0.0,,True,32,9,,,Poush,9
238,Manufacturing and Processing,Himalayan Distillery Limited,HDL,0.59,8495.0,9921311.0,,,True,32,9,,,Poush,9
1040,Manufacturing and Processing,Palpa Cement Industries Limited,PCIL,1.85,3234.0,1173942.0,,,True,32,9,,,Poush,9
1035,Manufacturing and Processing,SY Panel Nepal Limited,SYPNL,1.54,5102.0,9392782.0,0.0,,True,32,9,,,Poush,9
1089,Manufacturing and Processing,Shreenagar Agritech Industries Limited,SAIL,2.29,3357.0,4350672.0,0.0,,True,32,9,,,Poush,9
945,Others,Himalayan Re-Insurance Limited,HRL,0.22,52000.0,38584000.0,-13.33,,True,32,9,,,Poush,9
149,Hotels and Tourism,Soaltee Hotel Limited,SHL,0.22,36065.0,18321020.0,-16.28,,True,32,9,,,Poush,9
986,Hotels and Tourism,Hotel Forest Inn Limited,HFIN,4.17,3895.0,3210259.0,0.0,,True,32,9,,,Poush,9
231,Investment,Citizen Investment Trust,CIT,0.03,2000.0,3592000.0,,,True,32,9,,,Poush,9
285,Microfinance,Infinity Laghubitta Bittiya Sanstha Limited,ILBS,0.11,26500.0,25652000.0,1.92,,True,32,9,,,Poush,9
265,Microfinance,Chhimek Laghubitta Bittiya Sanstha Limited,CBBL,0.22,21000.0,19152000.0,5.0,,True,32,9,,,Poush,9
982,Mutual Fund,Muktinath Mutual Fund 1,MNMF1,0.0,1017719.0,10034709.0,0.0,,True,32,9,,,Poush,9
878,Mutual Fund,Siddhartha Investment Growth Scheme-3,SIGS3,0.93,122000.0,1281000.0,1.92,,True,32,9,,,Poush,9
949,Mutual Fund,NIC Asia Growth Fund-2,NICGF2,-0.92,2611564.0,25097130.0,0.0,,True,32,9,,,Poush,9
13,Commercial Banks,Global IME Bank Limited,GBIME,0.68,83000.0,19754000.0,0.0,,True,32,10,,,Magh,10
50,Commercial Banks,Standard Chartered Bank Limited,SCB,0.49,60000.0,39060000.0,0.0,,True,32,10,,,Magh,10
44,Commercial Banks,Prime Commercial Bank Limited,PCBL,0.63,20000.0,4910000.0,0.0,,True,32,10,,,Magh,10
11,Commercial Banks,Everest Bank Limited,EBL,0.03,62448.0,43588704.0,0.0,,True,32,10,,,Magh,10
27,Commercial Banks,Nabil Bank Limited,NABIL,0.4,23500.0,12455000.0,9.3,,True,32,10,,,Magh,10
46,Commercial Banks,Sanima Bank Limited,SANIMA,0.91,90000.0,31500000.0,12.5,,True,32,10,,,Magh,10
62,Development Banks,Garima Bikas Bank Limited,GBBL,0.48,65000.0,26838500.0,0.0,,True,32,10,,,Magh,10
1095,Development Banks,Salapa Bikas Bank Limited,SABBL,2.17,1769.0,2848090.0,0.0,,True,32,10,,,Magh,10
70,Development Banks,Kamana Sewa Bikas Bank Limited,KSBBL,-0.39,12664.0,6144573.0,80.91,,True,32,10,,,Magh,10
611,Hydro Power,Mountain Energy Nepal Limited,MEN,-0.33,15288.0,9157512.0,27.4,,True,32,10,,,Magh,10
169,Hydro Power,Ngadi Group Power Ltd.,NGPL,1.01,10100.0,4734880.0,1136.23,,True,32,10,,,Magh,10
176,Hydro Power,Sanima Mai Hydropower Ltd.,SHPC,0.13,25000.0,13222500.0,108.33,,True,32,10,,,Magh,10
1023,Hydro Power,Suryakunda Hydro Electric Limited,SKHEL,1.91,417.0,371630.0,,,True,32,10,,,Magh,10
1004,Hydro Power,Ridge Line Energy Limited,RLEL,2.79,861.0,810201.0,,,True,32,10,,,Magh,10
1016,Hydro Power,Super Khudi Hydropower Limited,SKHL,6.74,938.0,1068007.0,,,True,32,10,,,Magh,10
938,Hydro Power,Shikhar Power Development Limited,SIPD,2.0,1276.0,438816.0,,,True,32,10,,,Magh,10
995,Hydro Power,Bhujung Hydropower Limited,BJHL,3.03,973.0,1206520.0,,,True,32,10,,,Magh,10
1001,Hydro Power,Solu Hydropower Limited,SOHL,0.44,10263.0,7718802.0,,,True,32,10,,,Magh,10
178,Hydro Power,Synergy Power Development Ltd.,SPDL,-0.15,1899.0,807075.0,111.23,,True,32,10,,,Magh,10
856,Hydro Power,Makar Jitumaya Suri Hydropower Limited,MAKAR,1.94,36009.0,19160389.0,0.0,,True,32,10,,,Magh,10
180,Hydro Power,United Modi Hydropower Ltd.,UMHL,-0.35,40000.0,25560000.0,-37.5,,True,32,10,,,Magh,10
760,Hydro Power,Sahas Urja Ltd.,SAHAS,0.76,40000.0,24940000.0,-33.33,,True,32,10,,,Magh,10
826,Non Life Insurance,Himalayan Everest Insurance Limited,HEI,0.77,45000.0,23535000.0,0.0,,True,32,10,,,Magh,10
873,Non Life Insurance,Sagarmatha Lumbini Insurance Company Limited,SALICO,0.68,71667.0,43501869.0,2.14,,True,32,10,,,Magh,10
876,Non Life Insurance,Siddhartha Premier Insurance Company Limited,SPIL,1.26,46000.0,34684000.0,2.22,,True,32,10,,,Magh,10
249,Life Insurance,National Life Insurance Co. Ltd.,NLICL,0.2,50651.0,30086694.0,-9.55,,True,32,10,,,Magh,10
846,Life Insurance,Suryajyoti Life Insurance Company Limited,SJLIC,-0.46,54000.0,24030000.0,8.0,,True,32,10,,,Magh,10
242,Manufacturing and Processing,Unilever Nepal Limited,UNL,0.92,225.0,10507500.0,0.0,,True,32,10,,,Magh,10
238,Manufacturing and Processing,Himalayan Distillery Limited,HDL,0.59,8495.0,9921311.0,,,True,32,10,,,Magh,10
1040,Manufacturing and Processing,Palpa Cement Industries Limited,PCIL,1.85,3234.0,1173942.0,,,True,32,10,,,Magh,10
1035,Manufacturing and Processing,SY Panel Nepal Limited,SYPNL,1.54,5102.0,9392782.0,0.0,,True,32,10,,,Magh,10
1089,Manufacturing and Processing,Shreenagar Agritech Industries Limited,SAIL,2.29,3357.0,4350672.0,0.0,,True,32,10,,,Magh,10
945,Others,Himalayan Re-Insurance Limited,HRL,0.22,52000.0,38584000.0,-13.33,,True,32,10,,,Magh,10
149,Hotels and Tourism,Soaltee Hotel Limited,SHL,0.22,36065.0,18321020.0,-16.28,,True,32,10,,,Magh,10
986,Hotels and Tourism,Hotel Forest Inn Limited,HFIN,4.17,3895.0,3210259.0,0.0,,True,32,10,,,Magh,10
231,Investment,Citizen Investment Trust,CIT,0.03,2000.0,3592000.0,,,True,32,10,,,Magh,10
285,Microfinance,Infinity Laghubitta Bittiya Sanstha Limited,ILBS,0.11,26500.0,25652000.0,1.92,,True,32,10,,,Magh,10
265,Microfinance,Chhimek Laghubitta Bittiya Sanstha Limited,CBBL,0.22,21000.0,19152000.0,5.0,,True,32,10,,,Magh,10
982,Mutual Fund,Muktinath Mutual Fund 1,MNMF1,0.0,1017719.0,10034709.0,0.0,,True,32,10,,,Magh,10
878,Mutual Fund,Siddhartha Investment Growth Scheme-3,SIGS3,0.93,122000.0,1281000.0,1.92,,True,32,10,,,Magh,10
949,Mutual Fund,NIC Asia Growth Fund-2,NICGF2,-0.92,2611564.0,25097130.0,0.0,,True,32,10,,,Magh,10
13,Commercial Banks,Global IME Bank Limited,GBIME,0.68,83000.0,19754000.0,0.0,,True,32,11,,,Falgun,11
50,Commercial Banks,Standard Chartered Bank Limited,SCB,0.49,60000.0,39060000.0,0.0,,True,32,11,,,Falgun,11
44,Commercial Banks,Prime Commercial Bank Limited,PCBL,0.63,20000.0,4910000.0,0.0,,True,32,11,,,Falgun,11
11,Commercial Banks,Everest Bank Limited,EBL,0.03,62448.0,43588704.0,0.0,,True,32,11,,,Falgun,11
27,Commercial Banks,Nabil Bank Limited,NABIL,0.4,23500.0,12455000.0,9.3,,True,32,11,,,Falgun,11
46,Commercial Banks,Sanima Bank Limited,SANIMA,0.91,90000.0,31500000.0,12.5,,True,32,11,,,Falgun,11
62,Development Banks,Garima Bikas Bank Limited,GBBL,0.48,65000.0,26838500.0,0.0,,True,32,11,,,Falgun,11
1095,Development Banks,Salapa Bikas Bank Limited,SABBL,2.17,1769.0,2848090.0,0.0,,True,32,11,,,Falgun,11
70,Development Banks,Kamana Sewa Bikas Bank Limited,KSBBL,-0.39,12664.0,6144573.0,80.91,,True,32,11,,,Falgun,11
611,Hydro Power,Mountain Energy Nepal Limited,MEN,-0.33,15288.0,9157512.0,27.4,,True,32,11,,,Falgun,11
169,Hydro Power,Ngadi Group Power Ltd.,NGPL,1.01,10100.0,4734880.0,1136.23,,True,32,11,,,Falgun,11
176,Hydro Power,Sanima Mai Hydropower Ltd.,SHPC,0.13,25000.0,13222500.0,108.33,,True,32,11,,,Falgun,11
1023,Hydro Power,Suryakunda Hydro Electric Limited,SKHEL,1.91,417.0,371630.0,,,True,32,11,,,Falgun,11
1004,Hydro Power,Ridge Line Energy Limited,RLEL,2.79,861.0,810201.0,,,True,32,11,,,Falgun,11
1016,Hydro Power,Super Khudi Hydropower Limited,SKHL,6.74,938.0,1068007.0,,,True,32,11,,,Falgun,11
938,Hydro Power,Shikhar Power Development Limited,SIPD,2.0,1276.0,438816.0,,,True,32,11,,,Falgun,11
995,Hydro Power,Bhujung Hydropower Limited,BJHL,3.03,973.0,1206520.0,,,True,32,11,,,Falgun,11
1001,Hydro Power,Solu Hydropower Limited,SOHL,0.44,10263.0,7718802.0,,,True,32,11,,,Falgun,11
178,Hydro Power,Synergy Power Development Ltd.,SPDL,-0.15,1899.0,807075.0,111.23,,True,32,11,,,Falgun,11
856,Hydro Power,Makar Jitumaya Suri Hydropower Limited,MAKAR,1.94,36009.0,19160389.0,0.0,,True,32,11,,,Falgun,11
180,Hydro Power,United Modi Hydropower Ltd.,UMHL,-0.35,40000.0,25560000.0,-37.5,,True,32,11,,,Falgun,11
760,Hydro Power,Sahas Urja Ltd.,SAHAS,0.76,40000.0,24940000.0,-33.33,,True,32,11,,,Falgun,11
826,Non Life Insurance,Himalayan Everest Insurance Limited,HEI,0.77,45000.0,23535000.0,0.0,,True,32,11,,,Falgun,11
873,Non Life Insurance,Sagarmatha Lumbini Insurance Company Limited,SALICO,0.68,71667.0,43501869.0,2.14,,True,32,11,,,Falgun,11
876,Non Life Insurance,Siddhartha Premier Insurance Company Limited,SPIL,1.26,46000.0,34684000.0,2.22,,True,32,11,,,Falgun,11
249,Life Insurance,National Life Insurance Co. Ltd.,NLICL,0.2,50651.0,30086694.0,-9.55,,True,32,11,,,Falgun,11
846,Life Insurance,Suryajyoti Life Insurance Company Limited,SJLIC,-0.46,54000.0,24030000.0,8.0,,True,32,11,,,Falgun,11
242,Manufacturing and Processing,Unilever Nepal Limited,UNL,0.92,225.0,10507500.0,0.0,,True,32,11,,,Falgun,11
238,Manufacturing and Processing,Himalayan Distillery Limited,HDL,0.59,8495.0,9921311.0,,,True,32,11,,,Falgun,11
1040,Manufacturing and Processing,Palpa Cement Industries Limited,PCIL,1.85,3234.0,1173942.0,,,True,32,11,,,Falgun,11
1035,Manufacturing and Processing,SY Panel Nepal Limited,SYPNL,1.54,5102.0,9392782.0,0.0,,True,32,11,,,Falgun,11
1089,Manufacturing and Processing,Shreenagar Agritech Industries Limited,SAIL,2.29,3357.0,4350672.0,0.0,,True,32,11,,,Falgun,11
945,Others,Himalayan Re-Insurance Limited,HRL,0.22,52000.0,38584000.0,-13.33,,True,32,11,,,Falgun,11
149,Hotels and Tourism,Soaltee Hotel Limited,SHL,0.22,36065.0,18321020.0,-16.28,,True,32,11,,,Falgun,11
986,Hotels and Tourism,Hotel Forest Inn Limited,HFIN,4.17,3895.0,3210259.0,0.0,,True,32,11,,,Falgun,11
231,Investment,Citizen Investment Trust,CIT,0.03,2000.0,3592000.0,,,True,32,11,,,Falgun,11
285,Microfinance,Infinity Laghubitta Bittiya Sanstha Limited,ILBS,0.11,26500.0,25652000.0,1.92,,True,32,11,,,Falgun,11
265,Microfinance,Chhimek Laghubitta Bittiya Sanstha Limited,CBBL,0.22,21000.0,19152000.0,5.0,,True,32,11,,,Falgun,11
982,Mutual Fund,Muktinath Mutual Fund 1,MNMF1,0.0,1017719.0,10034709.0,0.0,,True,32,11,,,Falgun,11
878,Mutual Fund,Siddhartha Investment Growth Scheme-3,SIGS3,0.93,122000.0,1281000.0,1.92,,True,32,11,,,Falgun,11
949,Mutual Fund,NIC Asia Growth Fund-2,NICGF2,-0.92,2611564.0,25097130.0,0.0,,True,32,11,,,Falgun,11
13,Commercial Banks,Global IME Bank Limited,GBIME,0.68,83000.0,19754000.0,0.0,,True,32,12,,,Chaitra,12
50,Commercial Banks,Standard Chartered Bank Limited,SCB,0.49,60000.0,39060000.0,0.0,,True,32,12,,,Chaitra,12
44,Commercial Banks,Prime Commercial Bank Limited,PCBL,0.63,20000.0,4910000.0,0.0,,True,32,12,,,Chaitra,12
11,Commercial Banks,Everest Bank Limited,EBL,0.03,62448.0,43588704.0,0.0,,True,32,12,,,Chaitra,12
27,Commercial Banks,Nabil Bank Limited,NABIL,0.4,23500.0,12455000.0,9.3,,True,32,12,,,Chaitra,12
46,Commercial Banks,Sanima Bank Limited,SANIMA,0.91,90000.0,31500000.0,12.5,,True,32,12,,,Chaitra,12
62,Development Banks,Garima Bikas Bank Limited,GBBL,0.48,65000.0,26838500.0,0.0,,True,32,12,,,Chaitra,12
1095,Development Banks,Salapa Bikas Bank Limited,SABBL,2.17,1769.0,2848090.0,0.0,,True,32,12,,,Chaitra,12
70,Development Banks,Kamana Sewa Bikas Bank Limited,KSBBL,-0.39,12664.0,6144573.0,80.91,,True,32,12,,,Chaitra,12
611,Hydro Power,Mountain Energy Nepal Limited,MEN,-0.33,15288.0,9157512.0,27.4,,True,32,12,,,Chaitra,12
169,Hydro Power,Ngadi Group Power Ltd.,NGPL,1.01,10100.0,4734880.0,1136.23,,True,32,12,,,Chaitra,12
176,Hydro Power,Sanima Mai Hydropower Ltd.,SHPC,0.13,25000.0,13222500.0,108.33,,True,32,12,,,Chaitra,12
1023,Hydro Power,Suryakunda Hydro Electric Limited,SKHEL,1.91,417.0,371630.0,,,True,32,12,,,Chaitra,12
1004,Hydro Power,Ridge Line Energy Limited,RLEL,2.79,861.0,810201.0,,,True,32,12,,,Chaitra,12
1016,Hydro Power,Super Khudi Hydropower Limited,SKHL,6.74,938.0,1068007.0,,,True,32,12,,,Chaitra,12
938,Hydro Power,Shikhar Power Development Limited,SIPD,2.0,1276.0,438816.0,,,True,32,12,,,Chaitra,12
995,Hydro Power,Bhujung Hydropower Limited,BJHL,3.03,973.0,1206520.0,,,True,32,12,,,Chaitra,12
1001,Hydro Power,Solu Hydropower Limited,SOHL,0.44,10263.0,7718802.0,,,True,32,12,,,Chaitra,12
178,Hydro Power,Synergy Power Development Ltd.,SPDL,-0.15,1899.0,807075.0,111.23,,True,32,12,,,Chaitra,12
856,Hydro Power,Makar Jitumaya Suri Hydropower Limited,MAKAR,1.94,36009.0,19160389.0,0.0,,True,32,12,,,Chaitra,12
180,Hydro Power,United Modi Hydropower Ltd.,UMHL,-0.35,40000.0,25560000.0,-37.5,,True,32,12,,,Chaitra,12
760,Hydro Power,Sahas Urja Ltd.,SAHAS,0.76,40000.0,24940000.0,-33.33,,True,32,12,,,Chaitra,12
826,Non Life Insurance,Himalayan Everest Insurance Limited,HEI,0.77,45000.0,23535000.0,0.0,,True,32,12,,,Chaitra,12
873,Non Life Insurance,Sagarmatha Lumbini Insurance Company Limited,SALICO,0.68,71667.0,43501869.0,2.14,,True,32,12,,,Chaitra,12
876,Non Life Insurance,Siddhartha Premier Insurance Company Limited,SPIL,1.26,46000.0,34684000.0,2.22,,True,32,12,,,Chaitra,12
249,Life Insurance,National Life Insurance Co. Ltd.,NLICL,0.2,50651.0,30086694.0,-9.55,,True,32,12,,,Chaitra,12
846,Life Insurance,Suryajyoti Life Insurance Company Limited,SJLIC,-0.46,54000.0,24030000.0,8.0,,True,32,12,,,Chaitra,12
242,Manufacturing and Processing,Unilever Nepal Limited,UNL,0.92,225.0,10507500.0,0.0,,True,32,12,,,Chaitra,12
238,Manufacturing and Processing,Himalayan Distillery Limited,HDL,0.59,8495.0,9921311.0,,,True,32,12,,,Chaitra,12
1040,Manufacturing and Processing,Palpa Cement Industries Limited,PCIL,1.85,3234.0,1173942.0,,,True,32,12,,,Chaitra,12
1035,Manufacturing and Processing,SY Panel Nepal Limited,SYPNL,1.54,5102.0,9392782.0,0.0,,True,32,12,,,Chaitra,12
1089,Manufacturing and Processing,Shreenagar Agritech Industries Limited,SAIL,2.29,3357.0,4350672.0,0.0,,True,32,12,,,Chaitra,12
945,Others,Himalayan Re-Insurance Limited,HRL,0.22,52000.0,38584000.0,-13.33,,True,32,12,,,Chaitra,12
149,Hotels and Tourism,Soaltee Hotel Limited,SHL,0.22,36065.0,18321020.0,-16.28,,True,32,12,,,Chaitra,12
986,Hotels and Tourism,Hotel Forest Inn Limited,HFIN,4.17,3895.0,3210259.0,0.0,,True,32,12,,,Chaitra,12
231,Investment,Citizen Investment Trust,CIT,0.03,2000.0,3592000.0,,,True,32,12,,,Chaitra,12
285,Microfinance,Infinity Laghubitta Bittiya Sanstha Limited,ILBS,0.11,26500.0,25652000.0,1.92,,True,32,12,,,Chaitra,12
265,Microfinance,Chhimek Laghubitta Bittiya Sanstha Limited,CBBL,0.22,21000.0,19152000.0,5.0,,True,32,12,,,Chaitra,12
982,Mutual Fund,Muktinath Mutual Fund 1,MNMF1,0.0,1017719.0,10034709.0,0.0,,True,32,12,,,Chaitra,12
878,Mutual Fund,Siddhartha Investment Growth Scheme-3,SIGS3,0.93,122000.0,1281000.0,1.92,,True,32,12,,,Chaitra,12
949,Mutual Fund,NIC Asia Growth Fund-2,NICGF2,-0.92,2611564.0,25097130.0,0.0,,True,32,12,,,Chaitra,12
13,Commercial Banks,Global IME Bank Limited,GBIME,0.68,83000.0,19754000.0,0.0,,True,34,1,34.0,2079/2080,Baisakh,1
50,Commercial Banks,Standard Chartered Bank Limited,SCB,0.49,60000.0,39060000.0,0.0,,True,34,1,34.0,2079/2080,Baisakh,1
44,Commercial Banks,Prime Commercial Bank Limited,PCBL,0.63,20000.0,4910000.0,0.0,,True,34,1,34.0,2079/2080,Baisakh,1
11,Commercial Banks,Everest Bank Limited,EBL,0.03,62448.0,43588704.0,0.0,,True,34,1,34.0,2079/2080,Baisakh,1
27,Commercial Banks,Nabil Bank Limited,NABIL,0.4,23500.0,12455000.0,9.3,,True,34,1,34.0,2079/2080,Baisakh,1
46,Commercial Banks,Sanima Bank Limited,SANIMA,0.91,90000.0,31500000.0,12.5,,True,34,1,34.0,2079/2080,Baisakh,1
62,Development Banks,Garima Bikas Bank Limited,GBBL,0.48,65000.0,26838500.0,0.0,,True,34,1,34.0,2079/2080,Baisakh,1
1095,Development Banks,Salapa Bikas Bank Limited,SABBL,2.17,1769.0,2848090.0,0.0,,True,34,1,34.0,2079/2080,Baisakh,1
70,Development Banks,Kamana Sewa Bikas Bank Limited,KSBBL,-0.39,12664.0,6144573.0,80.91,,True,34,1,34.0,2079/2080,Baisakh,1
611,Hydro Power,Mountain Energy Nepal Limited,MEN,-0.33,15288.0,9157512.0,27.4,,True,34,1,34.0,2079/2080,Baisakh,1
169,Hydro Power,Ngadi Group Power Ltd.,NGPL,1.01,10100.0,4734880.0,1136.23,,True,34,1,34.0,2079/2080,Baisakh,1
176,Hydro Power,Sanima Mai Hydropower Ltd.,SHPC,0.13,25000.0,13222500.0,108.33,,True,34,1,34.0,2079/2080,Baisakh,1
1023,Hydro Power,Suryakunda Hydro Electric Limited,SKHEL,1.91,417.0,371630.0,,,True,34,1,34.0,2079/2080,Baisakh,1
1004,Hydro Power,Ridge Line Energy Limited,RLEL,2.79,861.0,810201.0,,,True,34,1,34.0,2079/2080,Baisakh,1
1016,Hydro Power,Super Khudi Hydropower Limited,SKHL,6.74,938.0,1068007.0,,,True,34,1,34.0,2079/2080,Baisakh,1
938,Hydro Power,Shikhar Power Development Limited,SIPD,2.0,1276.0,438816.0,,,True,34,1,34.0,2079/2080,Baisakh,1
995,Hydro Power,Bhujung Hydropower Limited,BJHL,3.03,973.0,1206520.0,,,True,34,1,34.0,2079/2080,Baisakh,1
1001,Hydro Power,Solu Hydropower Limited,SOHL,0.44,10263.0,7718802.0,,,True,34,1,34.0,2079/2080,Baisakh,1
178,Hydro Power,Synergy Power Development Ltd.,SPDL,-0.15,1899.0,807075.0,111.23,,True,34,1,34.0,2079/2080,Baisakh,1
856,Hydro Power,Makar Jitumaya Suri Hydropower Limited,MAKAR,1.94,36009.0,19160389.0,0.0,,True,34,1,34.0,2079/2080,Baisakh,1
180,Hydro Power,United Modi Hydropower Ltd.,UMHL,-0.35,40000.0,25560000.0,-37.5,,True,34,1,34.0,2079/2080,Baisakh,1
760,Hydro Power,Sahas Urja Ltd.,SAHAS,0.76,40000.0,24940000.0,-33.33,,True,34,1,34.0,2079/2080,Baisakh,1
826,Non Life Insurance,Himalayan Everest Insurance Limited,HEI,0.77,45000.0,23535000.0,0.0,,True,34,1,34.0,2079/2080,Baisakh,1
873,Non Life Insurance,Sagarmatha Lumbini Insurance Company Limited,SALICO,0.68,71667.0,43501869.0,2.14,,True,34,1,34.0,2079/2080,Baisakh,1
876,Non Life Insurance,Siddhartha Premier Insurance Company Limited,SPIL,1.26,46000.0,34684000.0,2.22,,True,34,1,34.0,2079/2080,Baisakh,1
249,Life Insurance,National Life Insurance Co. Ltd.,NLICL,0.2,50651.0,30086694.0,-9.55,,True,34,1,34.0,2079/2080,Baisakh,1
846,Life Insurance,Suryajyoti Life Insurance Company Limited,SJLIC,-0.46,54000.0,24030000.0,8.0,,True,34,1,34.0,2079/2080,Baisakh,1
242,Manufacturing and Processing,Unilever Nepal Limited,UNL,0.92,225.0,10507500.0,0.0,,True,34,1,34.0,2079/2080,Baisakh,1
238,Manufacturing and Processing,Himalayan Distillery Limited,HDL,0.59,8495.0,9921311.0,,,True,34,1,34.0,2079/2080,Baisakh,1
1040,Manufacturing and Processing,Palpa Cement Industries Limited,PCIL,1.85,3234.0,1173942.0,,,True,34,1,34.0,2079/2080,Baisakh,1
1035,Manufacturing and Processing,SY Panel Nepal Limited,SYPNL,1.54,5102.0,9392782.0,0.0,,True,34,1,34.0,2079/2080,Baisakh,1
1089,Manufacturing and Processing,Shreenagar Agritech Industries Limited,SAIL,2.29,3357.0,4350672.0,0.0,,True,34,1,34.0,2079/2080,Baisakh,1
945,Others,Himalayan Re-Insurance Limited,HRL,0.22,52000.0,38584000.0,-13.33,,True,34,1,34.0,2079/2080,Baisakh,1
149,Hotels and Tourism,Soaltee Hotel Limited,SHL,0.22,36065.0,18321020.0,-16.28,,True,34,1,34.0,2079/2080,Baisakh,1
986,Hotels and Tourism,Hotel Forest Inn Limited,HFIN,4.17,3895.0,3210259.0,0.0,,True,34,1,34.0,2079/2080,Baisakh,1
231,Investment,Citizen Investment Trust,CIT,0.03,2000.0,3592000.0,,,True,34,1,34.0,2079/2080,Baisakh,1
285,Microfinance,Infinity Laghubitta Bittiya Sanstha Limited,ILBS,0.11,26500.0,25652000.0,1.92,,True,34,1,34.0,2079/2080,Baisakh,1
265,Microfinance,Chhimek Laghubitta Bittiya Sanstha Limited,CBBL,0.22,21000.0,19152000.0,5.0,,True,34,1,34.0,2079/2080,Baisakh,1
982,Mutual Fund,Muktinath Mutual Fund 1,MNMF1,0.0,1017719.0,10034709.0,0.0,,True,34,1,34.0,2079/2080,Baisakh,1
878,Mutual Fund,Siddhartha Investment Growth Scheme-3,SIGS3,0.93,122000.0,1281000.0,1.92,,True,34,1,34.0,2079/2080,Baisakh,1
949,Mutual Fund,NIC Asia Growth Fund-2,NICGF2,-0.92,2611564.0,25097130.0,0.0,,True,34,1,34.0,2079/2080,Baisakh,1
11,Commercial Banks,Everest Bank Limited,EBL,0.03,33337.0,18182000.0,,,True,34,2,34.0,2079/2080,Jestha,2
37,Commercial Banks,Nepal SBI Bank Limited,SBI,1.63,22436.0,7682086.0,,,True,34,2,34.0,2079/2080,Jestha,2
46,Commercial Banks,Sanima Bank Limited,SANIMA,0.91,37998.0,9472901.0,,,True,34,2,34.0,2079/2080,Jestha,2
50,Commercial Banks,Standard Chartered Bank Limited,SCB,0.49,7000.0,3674300.0,,,True,34,2,34.0,2079/2080,Jestha,2
62,Development Banks,Garima Bikas Bank Limited,GBBL,0.48,14161.0,5269308.0,,,True,34,2,34.0,2079/2080,Jestha,2
100,Development Banks,Shine Resunga Development Bank Ltd.,SHINE,-0.22,14650.0,5254955.0,,,True,34,2,34.0,2079/2080,Jestha,2
84,Development Banks,Muktinath Bikas Bank Ltd.,MNBBL,0.21,9103.0,3641200.0,,,True,34,2,34.0,2079/2080,Jestha,2
832,Hydro Power,Peoples Hydropower Company Limited,PHCL,0.06,18511.0,6573256.0,,,True,34,2,34.0,2079/2080,Jestha,2
760,Hydro Power,Sahas Urja Ltd.,SAHAS,0.76,8640.0,4449600.0,,,True,34,2,34.0,2079/2080,Jestha,2
611,Hydro Power,Mountain Energy Nepal Limited,MEN,-0.33,10905.0,8385945.0,,,True,34,2,34.0,2079/2080,Jestha,2
210,Non Life Insurance,Neco Insurance Co. Ltd.,NIL,0.99,14335.0,12614800.0,,,True,34,2,34.0,2079/2080,Jestha,2
211,Non Life Insurance,Nepal Insurance Co. Ltd.,NICL,1.02,5170.0,3613830.0,,,True,34,2,34.0,2079/2080,Jestha,2
229,Non Life Insurance,United Insurance Co. (Nepal) Ltd.,UIC,-0.75,2000.0,1037800.0,,,False,34,2,34.0,2079/2080,Jestha,2
873,Non Life Insurance,Sagarmatha Lumbini Insurance Company Limited,SALICO,0.68,20123.0,14891020.0,,,True,34,2,34.0,2079/2080,Jestha,2
225,Non Life Insurance,Shikhar Insurance Co. Ltd.,SICL,0.18,2688.0,2190720.0,,,True,34,2,34.0,2079/2080,Jestha,2
249,Life Insurance,National Life Insurance Co. Ltd.,NLICL,0.2,26268.0,16391232.0,,,True,34,2,34.0,2079/2080,Jestha,2
247,Life Insurance,Life Insurance Corporation (Nepal) Limited,LICN,-0.72,5832.0,8876304.0,,,True,34,2,34.0,2079/2080,Jestha,2
251,Life Insurance,Nepal Life Insurance Co. Ltd.,NLIC,0.1,4800.0,3494400.0,,,True,34,2,34.0,2079/2080,Jestha,2
236,Manufacturing and Processing,Bottlers Nepal (Terai) Limited,BNT,-1.77,210.0,2747430.0,,,True,34,2,34.0,2079/2080,Jestha,2
238,Manufacturing and Processing,Himalayan Distillery Limited,HDL,0.59,1001.0,2287285.0,,,True,34,2,34.0,2079/2080,Jestha,2
194,Mutual Fund,NMB Hybrid Fund L-1,NMBHF1,-1.4,57671.0,593435.0,,,True,34,2,34.0,2079/2080,Jestha,2
189,Mutual Fund,Nabil Equity Fund,NEF,0.2,53900.0,499653.0,,,True,34,2,34.0,2079/2080,Jestha,2
11,Commercial Banks,Everest Bank Limited,EBL,0.03,29677.0,16708151.0,-10.98,,True,34,3,34.0,2079/2080,Ashadh,3
37,Commercial Banks,Nepal SBI Bank Limited,SBI,1.63,21776.0,7425616.0,-2.94,,True,34,3,34.0,2079/2080,Ashadh,3
40,Commercial Banks,NMB Bank Limited,NMB,1.06,17488.0,3952288.0,,,True,34,3,34.0,2079/2080,Ashadh,3
23,Commercial Banks,Machhapuchhre Bank Limited,MBL,0.76,16500.0,3824700.0,,,True,34,3,34.0,2079/2080,Ashadh,3
46,Commercial Banks,Sanima Bank Limited,SANIMA,0.91,39048.0,10172004.0,2.76,,True,34,3,34.0,2079/2080,Ashadh,3
62,Development Banks,Garima Bikas Bank Limited,GBBL,0.48,12974.0,5254470.0,-8.38,,True,34,3,34.0,2079/2080,Ashadh,3
100,Development Banks,Shine Resunga Development Bank Ltd.,SHINE,-0.22,30835.0,11840640.0,110.48,,True,34,3,34.0,2079/2080,Ashadh,3
84,Development Banks,Muktinath Bikas Bank Ltd.,MNBBL,0.21,7103.0,2890921.0,-21.97,,True,34,3,34.0,2079/2080,Ashadh,3
578,Hydro Power,Shiva Shree Hydropower Limited,SSHL,2.54,23500.0,4291100.0,,,True,34,3,34.0,2079/2080,Ashadh,3
856,Hydro Power,Makar Jitumaya Suri Hydropower Limited,MAKAR,1.94,9928.0,2711337.0,,,True,34,3,34.0,2079/2080,Ashadh,3
152,Hydro Power,Api Power Company Ltd.,API,0.79,27889.0,5494133.0,,,True,34,3,34.0,2079/2080,Ashadh,3
832,Hydro Power,Peoples Hydropower Company Limited,PHCL,0.06,8606.0,2883010.0,-53.51,,True,34,3,34.0,2079/2080,Ashadh,3
760,Hydro Power,Sahas Urja Ltd.,SAHAS,0.76,26017.0,12589626.0,201.12,,True,34,3,34.0,2079/2080,Ashadh,3
210,Non Life Insurance,Neco Insurance Co. Ltd.,NIL,0.99,9255.0,8247131.0,-35.44,,True,34,3,34.0,2079/2080,Ashadh,3
919,Non Life Insurance,United Ajod Insurance Limited,UAIL,0.25,2000.0,976060.0,,,True,34,3,34.0,2079/2080,Ashadh,3
873,Non Life Insurance,Sagarmatha Lumbini Insurance Company Limited,SALICO,0.68,31023.0,23205204.0,54.17,,True,34,3,34.0,2079/2080,Ashadh,3
876,Non Life Insurance,Siddhartha Premier Insurance Company Limited,SPIL,1.26,6210.0,4834485.0,,,True,34,3,34.0,2079/2080,Ashadh,3
249,Life Insurance,National Life Insurance Co. Ltd.,NLICL,0.2,27326.0,17625270.0,4.03,,True,34,3,34.0,2079/2080,Ashadh,3
243,Life Insurance,Asian Life Insurance Co. Limited,ALICL,-0.53,41804.0,31148160.0,,,True,34,3,34.0,2079/2080,Ashadh,3
247,Life Insurance,Life Insurance Corporation (Nepal) Limited,LICN,-0.72,10525.0,16366375.0,80.47,,True,34,3,34.0,2079/2080,Ashadh,3
251,Life Insurance,Nepal Life Insurance Co. Ltd.,NLIC,0.1,20107.0,14959608.0,318.9,,True,34,3,34.0,2079/2080,Ashadh,3
122,Finance,ICFC Finance Limited,ICFC,-0.06,23577.0,12377925.0,,,True,34,3,34.0,2079/2080,Ashadh,3
236,Manufacturing and Processing,Bottlers Nepal (Terai) Limited,BNT,-1.77,340.0,4692000.0,61.9,,True,34,3,34.0,2079/2080,Ashadh,3
238,Manufacturing and Processing,Himalayan Distillery Limited,HDL,0.59,6820.0,15331360.0,581.32,,True,34,3,34.0,2079/2080,Ashadh,3
240,Manufacturing and Processing,Shivam Cement Ltd.,SHIVM,0.96,18037.0,11751106.0,,,True,34,3,34.0,2079/2080,Ashadh,3
233,Others,Nepal Doorsanchar Company Limited,NTC,0.27,25675.0,23284658.0,,,True,34,3,34.0,2079/2080,Ashadh,3
884,Mutual Fund,RBB Mutual Fund 2,RMF2,3.96,1000000.0,10000000.0,,,True,34,3,34.0,2079/2080,Ashadh,3
194,Mutual Fund,NMB Hybrid Fund L-1,NMBHF1,-1.4,57671.0,622270.0,0.0,,True,34,3,34.0,2079/2080,Ashadh,3
189,Mutual Fund,Nabil Equity Fund,NEF,0.2,54866.0,527262.0,1.79,,True,34,3,34.0,2079/2080,Ashadh,3
13,Commercial Banks,Global IME Bank Limited,GBIME,0.68,83000.0,19754000.0,0.0,,True,34,4,34.0,2079/2080,Shrawan,4
50,Commercial Banks,Standard Chartered Bank Limited,SCB,0.49,60000.0,39060000.0,0.0,,True,34,4,34.0,2079/2080,Shrawan,4
44,Commercial Banks,Prime Commercial Bank Limited,PCBL,0.63,20000.0,4910000.0,0.0,,True,34,4,34.0,2079/2080,Shrawan,4
11,Commercial Banks,Everest Bank Limited,EBL,0.03,62448.0,43588704.0,0.0,,True,34,4,34.0,2079/2080,Shrawan,4
27,Commercial Banks,Nabil Bank Limited,NABIL,0.4,23500.0,12455000.0,9.3,,True,34,4,34.0,2079/2080,Shrawan,4
46,Commercial Banks,Sanima Bank Limited,SANIMA,0.91,90000.0,31500000.0,12.5,,True,34,4,34.0,2079/2080,Shrawan,4
62,Development Banks,Garima Bikas Bank Limited,GBBL,0.48,65000.0,26838500.0,0.0,,True,34,4,34.0,2079/2080,Shrawan,4
1095,Development Banks,Salapa Bikas Bank Limited,SABBL,2.17,1769.0,2848090.0,0.0,,True,34,4,34.0,2079/2080,Shrawan,4
70,Development Banks,Kamana Sewa Bikas Bank Limited,KSBBL,-0.39,12664.0,6144573.0,80.91,,True,34,4,34.0,2079/2080,Shrawan,4
611,Hydro Power,Mountain Energy Nepal Limited,MEN,-0.33,15288.0,9157512.0,27.4,,True,34,4,34.0,2079/2080,Shrawan,4
169,Hydro Power,Ngadi Group Power Ltd.,NGPL,1.01,10100.0,4734880.0,1136.23,,True,34,4,34.0,2079/2080,Shrawan,4
176,Hydro Power,Sanima Mai Hydropower Ltd.,SHPC,0.13,25000.0,13222500.0,108.33,,True,34,4,34.0,2079/2080,Shrawan,4
1023,Hydro Power,Suryakunda Hydro Electric Limited,SKHEL,1.91,417.0,371630.0,,,True,34,4,34.0,2079/2080,Shrawan,4
1004,Hydro Power,Ridge Line Energy Limited,RLEL,2.79,861.0,810201.0,,,True,34,4,34.0,2079/2080,Shrawan,4
1016,Hydro Power,Super Khudi Hydropower Limited,SKHL,6.74,938.0,1068007.0,,,True,34,4,34.0,2079/2080,Shrawan,4
938,Hydro Power,Shikhar Power Development Limited,SIPD,2.0,1276.0,438816.0,,,True,34,4,34.0,2079/2080,Shrawan,4
995,Hydro Power,Bhujung Hydropower Limited,BJHL,3.03,973.0,1206520.0,,,True,34,4,34.0,2079/2080,Shrawan,4
1001,Hydro Power,Solu Hydropower Limited,SOHL,0.44,10263.0,7718802.0,,,True,34,4,34.0,2079/2080,Shrawan,4
178,Hydro Power,Synergy Power Development Ltd.,SPDL,-0.15,1899.0,807075.0,111.23,,True,34,4,34.0,2079/2080,Shrawan,4
856,Hydro Power,Makar Jitumaya Suri Hydropower Limited,MAKAR,1.94,36009.0,19160389.0,0.0,,True,34,4,34.0,2079/2080,Shrawan,4
180,Hydro Power,United Modi Hydropower Ltd.,UMHL,-0.35,40000.0,25560000.0,-37.5,,True,34,4,34.0,2079/2080,Shrawan,4
760,Hydro Power,Sahas Urja Ltd.,SAHAS,0.76,40000.0,24940000.0,-33.33,,True,34,4,34.0,2079/2080,Shrawan,4
826,Non Life Insurance,Himalayan Everest Insurance Limited,HEI,0.77,45000.0,23535000.0,0.0,,True,34,4,34.0,2079/2080,Shrawan,4
873,Non Life Insurance,Sagarmatha Lumbini Insurance Company Limited,SALICO,0.68,71667.0,43501869.0,2.14,,True,34,4,34.0,2079/2080,Shrawan,4
876,Non Life Insurance,Siddhartha Premier Insurance Company Limited,SPIL,1.26,46000.0,34684000.0,2.22,,True,34,4,34.0,2079/2080,Shrawan,4
249,Life Insurance,National Life Insurance Co. Ltd.,NLICL,0.2,50651.0,30086694.0,-9.55,,True,34,4,34.0,2079/2080,Shrawan,4
846,Life Insurance,Suryajyoti Life Insurance Company Limited,SJLIC,-0.46,54000.0,24030000.0,8.0,,True,34,4,34.0,2079/2080,Shrawan,4
242,Manufacturing and Processing,Unilever Nepal Limited,UNL,0.92,225.0,10507500.0,0.0,,True,34,4,34.0,2079/2080,Shrawan,4
238,Manufacturing and Processing,Himalayan Distillery Limited,HDL,0.59,8495.0,9921311.0,,,True,34,4,34.0,2079/2080,Shrawan,4
1040,Manufacturing and Processing,Palpa Cement Industries Limited,PCIL,1.85,3234.0,1173942.0,,,True,34,4,34.0,2079/2080,Shrawan,4
1035,Manufacturing and Processing,SY Panel Nepal Limited,SYPNL,1.54,5102.0,9392782.0,0.0,,True,34,4,34.0,2079/2080,Shrawan,4
1089,Manufacturing and Processing,Shreenagar Agritech Industries Limited,SAIL,2.29,3357.0,4350672.0,0.0,,True,34,4,34.0,2079/2080,Shrawan,4
945,Others,Himalayan Re-Insurance Limited,HRL,0.22,52000.0,38584000.0,-13.33,,True,34,4,34.0,2079/2080,Shrawan,4
149,Hotels and Tourism,Soaltee Hotel Limited,SHL,0.22,36065.0,18321020.0,-16.28,,True,34,4,34.0,2079/2080,Shrawan,4
986,Hotels and Tourism,Hotel Forest Inn Limited,HFIN,4.17,3895.0,3210259.0,0.0,,True,34,4,34.0,2079/2080,Shrawan,4
231,Investment,Citizen Investment Trust,CIT,0.03,2000.0,3592000.0,,,True,34,4,34.0,2079/2080,Shrawan,4
285,Microfinance,Infinity Laghubitta Bittiya Sanstha Limited,ILBS,0.11,26500.0,25652000.0,1.92,,True,34,4,34.0,2079/2080,Shrawan,4
265,Microfinance,Chhimek Laghubitta Bittiya Sanstha Limited,CBBL,0.22,21000.0,19152000.0,5.0,,True,34,4,34.0,2079/2080,Shrawan,4
982,Mutual Fund,Muktinath Mutual Fund 1,MNMF1,0.0,1017719.0,10034709.0,0.0,,True,34,4,34.0,2079/2080,Shrawan,4
878,Mutual Fund,Siddhartha Investment Growth Scheme-3,SIGS3,0.93,122000.0,1281000.0,1.92,,True,34,4,34.0,2079/2080,Shrawan,4
949,Mutual Fund,NIC Asia Growth Fund-2,NICGF2,-0.92,2611564.0,25097130.0,0.0,,True,34,4,34.0,2079/2080,Shrawan,4
13,Commercial Banks,Global IME Bank Limited,GBIME,0.68,83000.0,19754000.0,0.0,,True,34,5,34.0,2079/2080,Bhadra,5
50,Commercial Banks,Standard Chartered Bank Limited,SCB,0.49,60000.0,39060000.0,0.0,,True,34,5,34.0,2079/2080,Bhadra,5
44,Commercial Banks,Prime Commercial Bank Limited,PCBL,0.63,20000.0,4910000.0,0.0,,True,34,5,34.0,2079/2080,Bhadra,5
11,Commercial Banks,Everest Bank Limited,EBL,0.03,62448.0,43588704.0,0.0,,True,34,5,34.0,2079/2080,Bhadra,5
27,Commercial Banks,Nabil Bank Limited,NABIL,0.4,23500.0,12455000.0,9.3,,True,34,5,34.0,2079/2080,Bhadra,5
46,Commercial Banks,Sanima Bank Limited,SANIMA,0.91,90000.0,31500000.0,12.5,,True,34,5,34.0,2079/2080,Bhadra,5
62,Development Banks,Garima Bikas Bank Limited,GBBL,0.48,65000.0,26838500.0,0.0,,True,34,5,34.0,2079/2080,Bhadra,5
1095,Development Banks,Salapa Bikas Bank Limited,SABBL,2.17,1769.0,2848090.0,0.0,,True,34,5,34.0,2079/2080,Bhadra,5
70,Development Banks,Kamana Sewa Bikas Bank Limited,KSBBL,-0.39,12664.0,6144573.0,80.91,,True,34,5,34.0,2079/2080,Bhadra,5
611,Hydro Power,Mountain Energy Nepal Limited,MEN,-0.33,15288.0,9157512.0,27.4,,True,34,5,34.0,2079/2080,Bhadra,5
169,Hydro Power,Ngadi Group Power Ltd.,NGPL,1.01,10100.0,4734880.0,1136.23,,True,34,5,34.0,2079/2080,Bhadra,5
176,Hydro Power,Sanima Mai Hydropower Ltd.,SHPC,0.13,25000.0,13222500.0,108.33,,True,34,5,34.0,2079/2080,Bhadra,5
1023,Hydro Power,Suryakunda Hydro Electric Limited,SKHEL,1.91,417.0,371630.0,,,True,34,5,34.0,2079/2080,Bhadra,5
1004,Hydro Power,Ridge Line Energy Limited,RLEL,2.79,861.0,810201.0,,,True,34,5,34.0,2079/2080,Bhadra,5
1016,Hydro Power,Super Khudi Hydropower Limited,SKHL,6.74,938.0,1068007.0,,,True,34,5,34.0,2079/2080,Bhadra,5
938,Hydro Power,Shikhar Power Development Limited,SIPD,2.0,1276.0,438816.0,,,True,34,5,34.0,2079/2080,Bhadra,5
995,Hydro Power,Bhujung Hydropower Limited,BJHL,3.03,973.0,1206520.0,,,True,34,5,34.0,2079/2080,Bhadra,5
1001,Hydro Power,Solu Hydropower Limited,SOHL,0.44,10263.0,7718802.0,,,True,34,5,34.0,2079/2080,Bhadra,5
178,Hydro Power,Synergy Power Development Ltd.,SPDL,-0.15,1899.0,807075.0,111.23,,True,34,5,34.0,2079/2080,Bhadra,5
856,Hydro Power,Makar Jitumaya Suri Hydropower Limited,MAKAR,1.94,36009.0,19160389.0,0.0,,True,34,5,34.0,2079/2080,Bhadra,5
180,Hydro Power,United Modi Hydropower Ltd.,UMHL,-0.35,40000.0,25560000.0,-37.5,,True,34,5,34.0,2079/2080,Bhadra,5
760,Hydro Power,Sahas Urja Ltd.,SAHAS,0.76,40000.0,24940000.0,-33.33,,True,34,5,34.0,2079/2080,Bhadra,5
826,Non Life Insurance,Himalayan Everest Insurance Limited,HEI,0.77,45000.0,23535000.0,0.0,,True,34,5,34.0,2079/2080,Bhadra,5
873,Non Life Insurance,Sagarmatha Lumbini Insurance Company Limited,SALICO,0.68,71667.0,43501869.0,2.14,,True,34,5,34.0,2079/2080,Bhadra,5
876,Non Life Insurance,Siddhartha Premier Insurance Company Limited,SPIL,1.26,46000.0,34684000.0,2.22,,True,34,5,34.0,2079/2080,Bhadra,5
249,Life Insurance,National Life Insurance Co. Ltd.,NLICL,0.2,50651.0,30086694.0,-9.55,,True,34,5,34.0,2079/2080,Bhadra,5
846,Life Insurance,Suryajyoti Life Insurance Company Limited,SJLIC,-0.46,54000.0,24030000.0,8.0,,True,34,5,34.0,2079/2080,Bhadra,5
242,Manufacturing and Processing,Unilever Nepal Limited,UNL,0.92,225.0,10507500.0,0.0,,True,34,5,34.0,2079/2080,Bhadra,5
238,Manufacturing and Processing,Himalayan Distillery Limited,HDL,0.59,8495.0,9921311.0,,,True,34,5,34.0,2079/2080,Bhadra,5
1040,Manufacturing and Processing,Palpa Cement Industries Limited,PCIL,1.85,3234.0,1173942.0,,,True,34,5,34.0,2079/2080,Bhadra,5
1035,Manufacturing and Processing,SY Panel Nepal Limited,SYPNL,1.54,5102.0,9392782.0,0.0,,True,34,5,34.0,2079/2080,Bhadra,5
1089,Manufacturing and Processing,Shreenagar Agritech Industries Limited,SAIL,2.29,3357.0,4350672.0,0.0,,True,34,5,34.0,2079/2080,Bhadra,5
945,Others,Himalayan Re-Insurance Limited,HRL,0.22,52000.0,38584000.0,-13.33,,True,34,5,34.0,2079/2080,Bhadra,5
149,Hotels and Tourism,Soaltee Hotel Limited,SHL,0.22,36065.0,18321020.0,-16.28,,True,34,5,34.0,2079/2080,Bhadra,5
986,Hotels and Tourism,Hotel Forest Inn Limited,HFIN,4.17,3895.0,3210259.0,0.0,,True,34,5,34.0,2079/2080,Bhadra,5
231,Investment,Citizen Investment Trust,CIT,0.03,2000.0,3592000.0,,,True,34,5,34.0,2079/2080,Bhadra,5
285,Microfinance,Infinity Laghubitta Bittiya Sanstha Limited,ILBS,0.11,26500.0,25652000.0,1.92,,True,34,5,34.0,2079/2080,Bhadra,5
265,Microfinance,Chhimek Laghubitta Bittiya Sanstha Limited,CBBL,0.22,21000.0,19152000.0,5.0,,True,34,5,34.0,2079/2080,Bhadra,5
982,Mutual Fund,Muktinath Mutual Fund 1,MNMF1,0.0,1017719.0,10034709.0,0.0,,True,34,5,34.0,2079/2080,Bhadra,5
878,Mutual Fund,Siddhartha Investment Growth Scheme-3,SIGS3,0.93,122000.0,1281000.0,1.92,,True,34,5,34.0,2079/2080,Bhadra,5
949,Mutual Fund,NIC Asia Growth Fund-2,NICGF2,-0.92,2611564.0,25097130.0,0.0,,True,34,5,34.0,2079/2080,Bhadra,5
13,Commercial Banks,Global IME Bank Limited,GBIME,0.68,83000.0,19754000.0,0.0,,True,34,6,34.0,2079/2080,Ashwin,6
50,Commercial Banks,Standard Chartered Bank Limited,SCB,0.49,60000.0,39060000.0,0.0,,True,34,6,34.0,2079/2080,Ashwin,6
44,Commercial Banks,Prime Commercial Bank Limited,PCBL,0.63,20000.0,4910000.0,0.0,,True,34,6,34.0,2079/2080,Ashwin,6
11,Commercial Banks,Everest Bank Limited,EBL,0.03,62448.0,43588704.0,0.0,,True,34,6,34.0,2079/2080,Ashwin,6
27,Commercial Banks,Nabil Bank Limited,NABIL,0.4,23500.0,12455000.0,9.3,,True,34,6,34.0,2079/2080,Ashwin,6
46,Commercial Banks,Sanima Bank Limited,SANIMA,0.91,90000.0,31500000.0,12.5,,True,34,6,34.0,2079/2080,Ashwin,6
62,Development Banks,Garima Bikas Bank Limited,GBBL,0.48,65000.0,26838500.0,0.0,,True,34,6,34.0,2079/2080,Ashwin,6
1095,Development Banks,Salapa Bikas Bank Limited,SABBL,2.17,1769.0,2848090.0,0.0,,True,34,6,34.0,2079/2080,Ashwin,6
70,Development Banks,Kamana Sewa Bikas Bank Limited,KSBBL,-0.39,12664.0,6144573.0,80.91,,True,34,6,34.0,2079/2080,Ashwin,6
611,Hydro Power,Mountain Energy Nepal Limited,MEN,-0.33,15288.0,9157512.0,27.4,,True,34,6,34.0,2079/2080,Ashwin,6
169,Hydro Power,Ngadi Group Power Ltd.,NGPL,1.01,10100.0,4734880.0,1136.23,,True,34,6,34.0,2079/2080,Ashwin,6
176,Hydro Power,Sanima Mai Hydropower Ltd.,SHPC,0.13,25000.0,13222500.0,108.33,,True,34,6,34.0,2079/2080,Ashwin,6
1023,Hydro Power,Suryakunda Hydro Electric Limited,SKHEL,1.91,417.0,371630.0,,,True,34,6,34.0,2079/2080,Ashwin,6
1004,Hydro Power,Ridge Line Energy Limited,RLEL,2.79,861.0,810201.0,,,True,34,6,34.0,2079/2080,Ashwin,6
1016,Hydro Power,Super Khudi Hydropower Limited,SKHL,6.74,938.0,1068007.0,,,True,34,6,34.0,2079/2080,Ashwin,6
938,Hydro Power,Shikhar Power Development Limited,SIPD,2.0,1276.0,438816.0,,,True,34,6,34.0,2079/2080,Ashwin,6
995,Hydro Power,Bhujung Hydropower Limited,BJHL,3.03,973.0,1206520.0,,,True,34,6,34.0,2079/2080,Ashwin,6
1001,Hydro Power,Solu Hydropower Limited,SOHL,0.44,10263.0,7718802.0,,,True,34,6,34.0,2079/2080,Ashwin,6
178,Hydro Power,Synergy Power Development Ltd.,SPDL,-0.15,1899.0,807075.0,111.23,,True,34,6,34.0,2079/2080,Ashwin,6
856,Hydro Power,Makar Jitumaya Suri Hydropower Limited,MAKAR,1.94,36009.0,19160389.0,0.0,,True,34,6,34.0,2079/2080,Ashwin,6
180,Hydro Power,United Modi Hydropower Ltd.,UMHL,-0.35,40000.0,25560000.0,-37.5,,True,34,6,34.0,2079/2080,Ashwin,6
760,Hydro Power,Sahas Urja Ltd.,SAHAS,0.76,40000.0,24940000.0,-33.33,,True,34,6,34.0,2079/2080,Ashwin,6
826,Non Life Insurance,Himalayan Everest Insurance Limited,HEI,0.77,45000.0,23535000.0,0.0,,True,34,6,34.0,2079/2080,Ashwin,6
873,Non Life Insurance,Sagarmatha Lumbini Insurance Company Limited,SALICO,0.68,71667.0,43501869.0,2.14,,True,34,6,34.0,2079/2080,Ashwin,6
876,Non Life Insurance,Siddhartha Premier Insurance Company Limited,SPIL,1.26,46000.0,34684000.0,2.22,,True,34,6,34.0,2079/2080,Ashwin,6
249,Life Insurance,National Life Insurance Co. Ltd.,NLICL,0.2,50651.0,30086694.0,-9.55,,True,34,6,34.0,2079/2080,Ashwin,6
846,Life Insurance,Suryajyoti Life Insurance Company Limited,SJLIC,-0.46,54000.0,24030000.0,8.0,,True,34,6,34.0,2079/2080,Ashwin,6
242,Manufacturing and Processing,Unilever Nepal Limited,UNL,0.92,225.0,10507500.0,0.0,,True,34,6,34.0,2079/2080,Ashwin,6
238,Manufacturing and Processing,Himalayan Distillery Limited,HDL,0.59,8495.0,9921311.0,,,True,34,6,34.0,2079/2080,Ashwin,6
1040,Manufacturing and Processing,Palpa Cement Industries Limited,PCIL,1.85,3234.0,1173942.0,,,True,34,6,34.0,2079/2080,Ashwin,6
1035,Manufacturing and Processing,SY Panel Nepal Limited,SYPNL,1.54,5102.0,9392782.0,0.0,,True,34,6,34.0,2079/2080,Ashwin,6
1089,Manufacturing and Processing,Shreenagar Agritech Industries Limited,SAIL,2.29,3357.0,4350672.0,0.0,,True,34,6,34.0,2079/2080,Ashwin,6
945,Others,Himalayan Re-Insurance Limited,HRL,0.22,52000.0,38584000.0,-13.33,,True,34,6,34.0,2079/2080,Ashwin,6
149,Hotels and Tourism,Soaltee Hotel Limited,SHL,0.22,36065.0,18321020.0,-16.28,,True,34,6,34.0,2079/2080,Ashwin,6
986,Hotels and Tourism,Hotel Forest Inn Limited,HFIN,4.17,3895.0,3210259.0,0.0,,True,34,6,34.0,2079/2080,Ashwin,6
231,Investment,Citizen Investment Trust,CIT,0.03,2000.0,3592000.0,,,True,34,6,34.0,2079/2080,Ashwin,6
285,Microfinance,Infinity Laghubitta Bittiya Sanstha Limited,ILBS,0.11,26500.0,25652000.0,1.92,,True,34,6,34.0,2079/2080,Ashwin,6
265,Microfinance,Chhimek Laghubitta Bittiya Sanstha Limited,CBBL,0.22,21000.0,19152000.0,5.0,,True,34,6,34.0,2079/2080,Ashwin,6
982,Mutual Fund,Muktinath Mutual Fund 1,MNMF1,0.0,1017719.0,10034709.0,0.0,,True,34,6,34.0,2079/2080,Ashwin,6
878,Mutual Fund,Siddhartha Investment Growth Scheme-3,SIGS3,0.93,122000.0,1281000.0,1.92,,True,34,6,34.0,2079/2080,Ashwin,6
949,Mutual Fund,NIC Asia Growth Fund-2,NICGF2,-0.92,2611564.0,25097130.0,0.0,,True,34,6,34.0,2079/2080,Ashwin,6
13,Commercial Banks,Global IME Bank Limited,GBIME,0.68,83000.0,19754000.0,0.0,,True,34,7,34.0,2079/2080,Kartik,7
50,Commercial Banks,Standard Chartered Bank Limited,SCB,0.49,60000.0,39060000.0,0.0,,True,34,7,34.0,2079/2080,Kartik,7
44,Commercial Banks,Prime Commercial Bank Limited,PCBL,0.63,20000.0,4910000.0,0.0,,True,34,7,34.0,2079/2080,Kartik,7
11,Commercial Banks,Everest Bank Limited,EBL,0.03,62448.0,43588704.0,0.0,,True,34,7,34.0,2079/2080,Kartik,7
27,Commercial Banks,Nabil Bank Limited,NABIL,0.4,23500.0,12455000.0,9.3,,True,34,7,34.0,2079/2080,Kartik,7
46,Commercial Banks,Sanima Bank Limited,SANIMA,0.91,90000.0,31500000.0,12.5,,True,34,7,34.0,2079/2080,Kartik,7
62,Development Banks,Garima Bikas Bank Limited,GBBL,0.48,65000.0,26838500.0,0.0,,True,34,7,34.0,2079/2080,Kartik,7
1095,Development Banks,Salapa Bikas Bank Limited,SABBL,2.17,1769.0,2848090.0,0.0,,True,34,7,34.0,2079/2080,Kartik,7
70,Development Banks,Kamana Sewa Bikas Bank Limited,KSBBL,-0.39,12664.0,6144573.0,80.91,,True,34,7,34.0,2079/2080,Kartik,7
611,Hydro Power,Mountain Energy Nepal Limited,MEN,-0.33,15288.0,9157512.0,27.4,,True,34,7,34.0,2079/2080,Kartik,7
169,Hydro Power,Ngadi Group Power Ltd.,NGPL,1.01,10100.0,4734880.0,1136.23,,True,34,7,34.0,2079/2080,Kartik,7
176,Hydro Power,Sanima Mai Hydropower Ltd.,SHPC,0.13,25000.0,13222500.0,108.33,,True,34,7,34.0,2079/2080,Kartik,7
1023,Hydro Power,Suryakunda Hydro Electric Limited,SKHEL,1.91,417.0,371630.0,,,True,34,7,34.0,2079/2080,Kartik,7
1004,Hydro Power,Ridge Line Energy Limited,RLEL,2.79,861.0,810201.0,,,True,34,7,34.0,2079/2080,Kartik,7
1016,Hydro Power,Super Khudi Hydropower Limited,SKHL,6.74,938.0,1068007.0,,,True,34,7,34.0,2079/2080,Kartik,7
938,Hydro Power,Shikhar Power Development Limited,SIPD,2.0,1276.0,438816.0,,,True,34,7,34.0,2079/2080,Kartik,7
995,Hydro Power,Bhujung Hydropower Limited,BJHL,3.03,973.0,1206520.0,,,True,34,7,34.0,2079/2080,Kartik,7
1001,Hydro Power,Solu Hydropower Limited,SOHL,0.44,10263.0,7718802.0,,,True,34,7,34.0,2079/2080,Kartik,7
178,Hydro Power,Synergy Power Development Ltd.,SPDL,-0.15,1899.0,807075.0,111.23,,True,34,7,34.0,2079/2080,Kartik,7
856,Hydro Power,Makar Jitumaya Suri Hydropower Limited,MAKAR,1.94,36009.0,19160389.0,0.0,,True,34,7,34.0,2079/2080,Kartik,7
180,Hydro Power,United Modi Hydropower Ltd.,UMHL,-0.35,40000.0,25560000.0,-37.5,,True,34,7,34.0,2079/2080,Kartik,7
760,Hydro Power,Sahas Urja Ltd.,SAHAS,0.76,40000.0,24940000.0,-33.33,,True,34,7,34.0,2079/2080,Kartik,7
826,Non Life Insurance,Himalayan Everest Insurance Limited,HEI,0.77,45000.0,23535000.0,0.0,,True,34,7,34.0,2079/2080,Kartik,7
873,Non Life Insurance,Sagarmatha Lumbini Insurance Company Limited,SALICO,0.68,71667.0,43501869.0,2.14,,True,34,7,34.0,2079/2080,Kartik,7
876,Non Life Insurance,Siddhartha Premier Insurance Company Limited,SPIL,1.26,46000.0,34684000.0,2.22,,True,34,7,34.0,2079/2080,Kartik,7
249,Life Insurance,National Life Insurance Co. Ltd.,NLICL,0.2,50651.0,30086694.0,-9.55,,True,34,7,34.0,2079/2080,Kartik,7
846,Life Insurance,Suryajyoti Life Insurance Company Limited,SJLIC,-0.46,54000.0,24030000.0,8.0,,True,34,7,34.0,2079/2080,Kartik,7
242,Manufacturing and Processing,Unilever Nepal Limited,UNL,0.92,225.0,10507500.0,0.0,,True,34,7,34.0,2079/2080,Kartik,7
238,Manufacturing and Processing,Himalayan Distillery Limited,HDL,0.59,8495.0,9921311.0,,,True,34,7,34.0,2079/2080,Kartik,7
1040,Manufacturing and Processing,Palpa Cement Industries Limited,PCIL,1.85,3234.0,1173942.0,,,True,34,7,34.0,2079/2080,Kartik,7
1035,Manufacturing and Processing,SY Panel Nepal Limited,SYPNL,1.54,5102.0,9392782.0,0.0,,True,34,7,34.0,2079/2080,Kartik,7
1089,Manufacturing and Processing,Shreenagar Agritech Industries Limited,SAIL,2.29,3357.0,4350672.0,0.0,,True,34,7,34.0,2079/2080,Kartik,7
945,Others,Himalayan Re-Insurance Limited,HRL,0.22,52000.0,38584000.0,-13.33,,True,34,7,34.0,2079/2080,Kartik,7
149,Hotels and Tourism,Soaltee Hotel Limited,SHL,0.22,36065.0,18321020.0,-16.28,,True,34,7,34.0,2079/2080,Kartik,7
986,Hotels and Tourism,Hotel Forest Inn Limited,HFIN,4.17,3895.0,3210259.0,0.0,,True,34,7,34.0,2079/2080,Kartik,7
231,Investment,Citizen Investment Trust,CIT,0.03,2000.0,3592000.0,,,True,34,7,34.0,2079/2080,Kartik,7
285,Microfinance,Infinity Laghubitta Bittiya Sanstha Limited,ILBS,0.11,26500.0,25652000.0,1.92,,True,34,7,34.0,2079/2080,Kartik,7
265,Microfinance,Chhimek Laghubitta Bittiya Sanstha Limited,CBBL,0.22,21000.0,19152000.0,5.0,,True,34,7,34.0,2079/2080,Kartik,7
982,Mutual Fund,Muktinath Mutual Fund 1,MNMF1,0.0,1017719.0,10034709.0,0.0,,True,34,7,34.0,2079/2080,Kartik,7
878,Mutual Fund,Siddhartha Investment Growth Scheme-3,SIGS3,0.93,122000.0,1281000.0,1.92,,True,34,7,34.0,2079/2080,Kartik,7
949,Mutual Fund,NIC Asia Growth Fund-2,NICGF2,-0.92,2611564.0,25097130.0,0.0,,True,34,7,34.0,2079/2080,Kartik,7
13,Commercial Banks,Global IME Bank Limited,GBIME,0.68,83000.0,19754000.0,0.0,,True,34,8,34.0,2079/2080,Mangsir,8
50,Commercial Banks,Standard Chartered Bank Limited,SCB,0.49,60000.0,39060000.0,0.0,,True,34,8,34.0,2079/2080,Mangsir,8
44,Commercial Banks,Prime Commercial Bank Limited,PCBL,0.63,20000.0,4910000.0,0.0,,True,34,8,34.0,2079/2080,Mangsir,8
11,Commercial Banks,Everest Bank Limited,EBL,0.03,62448.0,43588704.0,0.0,,True,34,8,34.0,2079/2080,Mangsir,8
27,Commercial Banks,Nabil Bank Limited,NABIL,0.4,23500.0,12455000.0,9.3,,True,34,8,34.0,2079/2080,Mangsir,8
46,Commercial Banks,Sanima Bank Limited,SANIMA,0.91,90000.0,31500000.0,12.5,,True,34,8,34.0,2079/2080,Mangsir,8
62,Development Banks,Garima Bikas Bank Limited,GBBL,0.48,65000.0,26838500.0,0.0,,True,34,8,34.0,2079/2080,Mangsir,8
1095,Development Banks,Salapa Bikas Bank Limited,SABBL,2.17,1769.0,2848090.0,0.0,,True,34,8,34.0,2079/2080,Mangsir,8
70,Development Banks,Kamana Sewa Bikas Bank Limited,KSBBL,-0.39,12664.0,6144573.0,80.91,,True,34,8,34.0,2079/2080,Mangsir,8
611,Hydro Power,Mountain Energy Nepal Limited,MEN,-0.33,15288.0,9157512.0,27.4,,True,34,8,34.0,2079/2080,Mangsir,8
169,Hydro Power,Ngadi Group Power Ltd.,NGPL,1.01,10100.0,4734880.0,1136.23,,True,34,8,34.0,2079/2080,Mangsir,8
176,Hydro Power,Sanima Mai Hydropower Ltd.,SHPC,0.13,25000.0,13222500.0,108.33,,True,34,8,34.0,2079/2080,Mangsir,8
1023,Hydro Power,Suryakunda Hydro Electric Limited,SKHEL,1.91,417.0,371630.0,,,True,34,8,34.0,2079/2080,Mangsir,8
1004,Hydro Power,Ridge Line Energy Limited,RLEL,2.79,861.0,810201.0,,,True,34,8,34.0,2079/2080,Mangsir,8
1016,Hydro Power,Super Khudi Hydropower Limited,SKHL,6.74,938.0,1068007.0,,,True,34,8,34.0,2079/2080,Mangsir,8
938,Hydro Power,Shikhar Power Development Limited,SIPD,2.0,1276.0,438816.0,,,True,34,8,34.0,2079/2080,Mangsir,8
995,Hydro Power,Bhujung Hydropower Limited,BJHL,3.03,973.0,1206520.0,,,True,34,8,34.0,2079/2080,Mangsir,8
1001,Hydro Power,Solu Hydropower Limited,SOHL,0.44,10263.0,7718802.0,,,True,34,8,34.0,2079/2080,Mangsir,8
178,Hydro Power,Synergy Power Development Ltd.,SPDL,-0.15,1899.0,807075.0,111.23,,True,34,8,34.0,2079/2080,Mangsir,8
856,Hydro Power,Makar Jitumaya Suri Hydropower Limited,MAKAR,1.94,36009.0,19160389.0,0.0,,True,34,8,34.0,2079/2080,Mangsir,8
180,Hydro Power,United Modi Hydropower Ltd.,UMHL,-0.35,40000.0,25560000.0,-37.5,,True,34,8,34.0,2079/2080,Mangsir,8
760,Hydro Power,Sahas Urja Ltd.,SAHAS,0.76,40000.0,24940000.0,-33.33,,True,34,8,34.0,2079/2080,Mangsir,8
826,Non Life Insurance,Himalayan Everest Insurance Limited,HEI,0.77,45000.0,23535000.0,0.0,,True,34,8,34.0,2079/2080,Mangsir,8
873,Non Life Insurance,Sagarmatha Lumbini Insurance Company Limited,SALICO,0.68,71667.0,43501869.0,2.14,,True,34,8,34.0,2079/2080,Mangsir,8
876,Non Life Insurance,Siddhartha Premier Insurance Company Limited,SPIL,1.26,46000.0,34684000.0,2.22,,True,34,8,34.0,2079/2080,Mangsir,8
249,Life Insurance,National Life Insurance Co. Ltd.,NLICL,0.2,50651.0,30086694.0,-9.55,,True,34,8,34.0,2079/2080,Mangsir,8
846,Life Insurance,Suryajyoti Life Insurance Company Limited,SJLIC,-0.46,54000.0,24030000.0,8.0,,True,34,8,34.0,2079/2080,Mangsir,8
242,Manufacturing and Processing,Unilever Nepal Limited,UNL,0.92,225.0,10507500.0,0.0,,True,34,8,34.0,2079/2080,Mangsir,8
238,Manufacturing and Processing,Himalayan Distillery Limited,HDL,0.59,8495.0,9921311.0,,,True,34,8,34.0,2079/2080,Mangsir,8
1040,Manufacturing and Processing,Palpa Cement Industries Limited,PCIL,1.85,3234.0,1173942.0,,,True,34,8,34.0,2079/2080,Mangsir,8
1035,Manufacturing and Processing,SY Panel Nepal Limited,SYPNL,1.54,5102.0,9392782.0,0.0,,True,34,8,34.0,2079/2080,Mangsir,8
1089,Manufacturing and Processing,Shreenagar Agritech Industries Limited,SAIL,2.29,3357.0,4350672.0,0.0,,True,34,8,34.0,2079/2080,Mangsir,8
945,Others,Himalayan Re-Insurance Limited,HRL,0.22,52000.0,38584000.0,-13.33,,True,34,8,34.0,2079/2080,Mangsir,8
149,Hotels and Tourism,Soaltee Hotel Limited,SHL,0.22,36065.0,18321020.0,-16.28,,True,34,8,34.0,2079/2080,Mangsir,8
986,Hotels and Tourism,Hotel Forest Inn Limited,HFIN,4.17,3895.0,3210259.0,0.0,,True,34,8,34.0,2079/2080,Mangsir,8
231,Investment,Citizen Investment Trust,CIT,0.03,2000.0,3592000.0,,,True,34,8,34.0,2079/2080,Mangsir,8
285,Microfinance,Infinity Laghubitta Bittiya Sanstha Limited,ILBS,0.11,26500.0,25652000.0,1.92,,True,34,8,34.0,2079/2080,Mangsir,8
265,Microfinance,Chhimek Laghubitta Bittiya Sanstha Limited,CBBL,0.22,21000.0,19152000.0,5.0,,True,34,8,34.0,2079/2080,Mangsir,8
982,Mutual Fund,Muktinath Mutual Fund 1,MNMF1,0.0,1017719.0,10034709.0,0.0,,True,34,8,34.0,2079/2080,Mangsir,8
878,Mutual Fund,Siddhartha Investment Growth Scheme-3,SIGS3,0.93,122000.0,1281000.0,1.92,,True,34,8,34.0,2079/2080,Mangsir,8
949,Mutual Fund,NIC Asia Growth Fund-2,NICGF2,-0.92,2611564.0,25097130.0,0.0,,True,34,8,34.0,2079/2080,Mangsir,8
13,Commercial Banks,Global IME Bank Limited,GBIME,0.68,83000.0,19754000.0,0.0,,True,34,9,34.0,2079/2080,Poush,9
50,Commercial Banks,Standard Chartered Bank Limited,SCB,0.49,60000.0,39060000.0,0.0,,True,34,9,34.0,2079/2080,Poush,9
44,Commercial Banks,Prime Commercial Bank Limited,PCBL,0.63,20000.0,4910000.0,0.0,,True,34,9,34.0,2079/2080,Poush,9
11,Commercial Banks,Everest Bank Limited,EBL,0.03,62448.0,43588704.0,0.0,,True,34,9,34.0,2079/2080,Poush,9
27,Commercial Banks,Nabil Bank Limited,NABIL,0.4,23500.0,12455000.0,9.3,,True,34,9,34.0,2079/2080,Poush,9
46,Commercial Banks,Sanima Bank Limited,SANIMA,0.91,90000.0,31500000.0,12.5,,True,34,9,34.0,2079/2080,Poush,9
62,Development Banks,Garima Bikas Bank Limited,GBBL,0.48,65000.0,26838500.0,0.0,,True,34,9,34.0,2079/2080,Poush,9
1095,Development Banks,Salapa Bikas Bank Limited,SABBL,2.17,1769.0,2848090.0,0.0,,True,34,9,34.0,2079/2080,Poush,9
70,Development Banks,Kamana Sewa Bikas Bank Limited,KSBBL,-0.39,12664.0,6144573.0,80.91,,True,34,9,34.0,2079/2080,Poush,9
611,Hydro Power,Mountain Energy Nepal Limited,MEN,-0.33,15288.0,9157512.0,27.4,,True,34,9,34.0,2079/2080,Poush,9
169,Hydro Power,Ngadi Group Power Ltd.,NGPL,1.01,10100.0,4734880.0,1136.23,,True,34,9,34.0,2079/2080,Poush,9
176,Hydro Power,Sanima Mai Hydropower Ltd.,SHPC,0.13,25000.0,13222500.0,108.33,,True,34,9,34.0,2079/2080,Poush,9
1023,Hydro Power,Suryakunda Hydro Electric Limited,SKHEL,1.91,417.0,371630.0,,,True,34,9,34.0,2079/2080,Poush,9
1004,Hydro Power,Ridge Line Energy Limited,RLEL,2.79,861.0,810201.0,,,True,34,9,34.0,2079/2080,Poush,9
1016,Hydro Power,Super Khudi Hydropower Limited,SKHL,6.74,938.0,1068007.0,,,True,34,9,34.0,2079/2080,Poush,9
938,Hydro Power,Shikhar Power Development Limited,SIPD,2.0,1276.0,438816.0,,,True,34,9,34.0,2079/2080,Poush,9
995,Hydro Power,Bhujung Hydropower Limited,BJHL,3.03,973.0,1206520.0,,,True,34,9,34.0,2079/2080,Poush,9
1001,Hydro Power,Solu Hydropower Limited,SOHL,0.44,10263.0,7718802.0,,,True,34,9,34.0,2079/2080,Poush,9
178,Hydro Power,Synergy Power Development Ltd.,SPDL,-0.15,1899.0,807075.0,111.23,,True,34,9,34.0,2079/2080,Poush,9
856,Hydro Power,Makar Jitumaya Suri Hydropower Limited,MAKAR,1.94,36009.0,19160389.0,0.0,,True,34,9,34.0,2079/2080,Poush,9
180,Hydro Power,United Modi Hydropower Ltd.,UMHL,-0.35,40000.0,25560000.0,-37.5,,True,34,9,34.0,2079/2080,Poush,9
760,Hydro Power,Sahas Urja Ltd.,SAHAS,0.76,40000.0,24940000.0,-33.33,,True,34,9,34.0,2079/2080,Poush,9
826,Non Life Insurance,Himalayan Everest Insurance Limited,HEI,0.77,45000.0,23535000.0,0.0,,True,34,9,34.0,2079/2080,Poush,9
873,Non Life Insurance,Sagarmatha Lumbini Insurance Company Limited,SALICO,0.68,71667.0,43501869.0,2.14,,True,34,9,34.0,2079/2080,Poush,9
876,Non Life Insurance,Siddhartha Premier Insurance Company Limited,SPIL,1.26,46000.0,34684000.0,2.22,,True,34,9,34.0,2079/2080,Poush,9
249,Life Insurance,National Life Insurance Co. Ltd.,NLICL,0.2,50651.0,30086694.0,-9.55,,True,34,9,34.0,2079/2080,Poush,9
846,Life Insurance,Suryajyoti Life Insurance Company Limited,SJLIC,-0.46,54000.0,24030000.0,8.0,,True,34,9,34.0,2079/2080,Poush,9
242,Manufacturing and Processing,Unilever Nepal Limited,UNL,0.92,225.0,10507500.0,0.0,,True,34,9,34.0,2079/2080,Poush,9
238,Manufacturing and Processing,Himalayan Distillery Limited,HDL,0.59,8495.0,9921311.0,,,True,34,9,34.0,2079/2080,Poush,9
1040,Manufacturing and Processing,Palpa Cement Industries Limited,PCIL,1.85,3234.0,1173942.0,,,True,34,9,34.0,2079/2080,Poush,9
1035,Manufacturing and Processing,SY Panel Nepal Limited,SYPNL,1.54,5102.0,9392782.0,0.0,,True,34,9,34.0,2079/2080,Poush,9
1089,Manufacturing and Processing,Shreenagar Agritech Industries Limited,SAIL,2.29,3357.0,4350672.0,0.0,,True,34,9,34.0,2079/2080,Poush,9
945,Others,Himalayan Re-Insurance Limited,HRL,0.22,52000.0,38584000.0,-13.33,,True,34,9,34.0,2079/2080,Poush,9
149,Hotels and Tourism,Soaltee Hotel Limited,SHL,0.22,36065.0,18321020.0,-16.28,,True,34,9,34.0,2079/2080,Poush,9
986,Hotels and Tourism,Hotel Forest Inn Limited,HFIN,4.17,3895.0,3210259.0,0.0,,True,34,9,34.0,2079/2080,Poush,9
231,Investment,Citizen Investment Trust,CIT,0.03,2000.0,3592000.0,,,True,34,9,34.0,2079/2080,Poush,9
285,Microfinance,Infinity Laghubitta Bittiya Sanstha Limited,ILBS,0.11,26500.0,25652000.0,1.92,,True,34,9,34.0,2079/2080,Poush,9
265,Microfinance,Chhimek Laghubitta Bittiya Sanstha Limited,CBBL,0.22,21000.0,19152000.0,5.0,,True,34,9,34.0,2079/2080,Poush,9
982,Mutual Fund,Muktinath Mutual Fund 1,MNMF1,0.0,1017719.0,10034709.0,0.0,,True,34,9,34.0,2079/2080,Poush,9
878,Mutual Fund,Siddhartha Investment Growth Scheme-3,SIGS3,0.93,122000.0,1281000.0,1.92,,True,34,9,34.0,2079/2080,Poush,9
949,Mutual Fund,NIC Asia Growth Fund-2,NICGF2,-0.92,2611564.0,25097130.0,0.0,,True,34,9,34.0,2079/2080,Poush,9
13,Commercial Banks,Global IME Bank Limited,GBIME,0.68,83000.0,19754000.0,0.0,,True,34,10,34.0,2079/2080,Magh,10
50,Commercial Banks,Standard Chartered Bank Limited,SCB,0.49,60000.0,39060000.0,0.0,,True,34,10,34.0,2079/2080,Magh,10
44,Commercial Banks,Prime Commercial Bank Limited,PCBL,0.63,20000.0,4910000.0,0.0,,True,34,10,34.0,2079/2080,Magh,10
11,Commercial Banks,Everest Bank Limited,EBL,0.03,62448.0,43588704.0,0.0,,True,34,10,34.0,2079/2080,Magh,10
27,Commercial Banks,Nabil Bank Limited,NABIL,0.4,23500.0,12455000.0,9.3,,True,34,10,34.0,2079/2080,Magh,10
46,Commercial Banks,Sanima Bank Limited,SANIMA,0.91,90000.0,31500000.0,12.5,,True,34,10,34.0,2079/2080,Magh,10
62,Development Banks,Garima Bikas Bank Limited,GBBL,0.48,65000.0,26838500.0,0.0,,True,34,10,34.0,2079/2080,Magh,10
1095,Development Banks,Salapa Bikas Bank Limited,SABBL,2.17,1769.0,2848090.0,0.0,,True,34,10,34.0,2079/2080,Magh,10
70,Development Banks,Kamana Sewa Bikas Bank Limited,KSBBL,-0.39,12664.0,6144573.0,80.91,,True,34,10,34.0,2079/2080,Magh,10
611,Hydro Power,Mountain Energy Nepal Limited,MEN,-0.33,15288.0,9157512.0,27.4,,True,34,10,34.0,2079/2080,Magh,10
169,Hydro Power,Ngadi Group Power Ltd.,NGPL,1.01,10100.0,4734880.0,1136.23,,True,34,10,34.0,2079/2080,Magh,10
176,Hydro Power,Sanima Mai Hydropower Ltd.,SHPC,0.13,25000.0,13222500.0,108.33,,True,34,10,34.0,2079/2080,Magh,10
1023,Hydro Power,Suryakunda Hydro Electric Limited,SKHEL,1.91,417.0,371630.0,,,True,34,10,34.0,2079/2080,Magh,10
1004,Hydro Power,Ridge Line Energy Limited,RLEL,2.79,861.0,810201.0,,,True,34,10,34.0,2079/2080,Magh,10
1016,Hydro Power,Super Khudi Hydropower Limited,SKHL,6.74,938.0,1068007.0,,,True,34,10,34.0,2079/2080,Magh,10
938,Hydro Power,Shikhar Power Development Limited,SIPD,2.0,1276.0,438816.0,,,True,34,10,34.0,2079/2080,Magh,10
995,Hydro Power,Bhujung Hydropower Limited,BJHL,3.03,973.0,1206520.0,,,True,34,10,34.0,2079/2080,Magh,10
1001,Hydro Power,Solu Hydropower Limited,SOHL,0.44,10263.0,7718802.0,,,True,34,10,34.0,2079/2080,Magh,10
178,Hydro Power,Synergy Power Development Ltd.,SPDL,-0.15,1899.0,807075.0,111.23,,True,34,10,34.0,2079/2080,Magh,10
856,Hydro Power,Makar Jitumaya Suri Hydropower Limited,MAKAR,1.94,36009.0,19160389.0,0.0,,True,34,10,34.0,2079/2080,Magh,10
180,Hydro Power,United Modi Hydropower Ltd.,UMHL,-0.35,40000.0,25560000.0,-37.5,,True,34,10,34.0,2079/2080,Magh,10
760,Hydro Power,Sahas Urja Ltd.,SAHAS,0.76,40000.0,24940000.0,-33.33,,True,34,10,34.0,2079/2080,Magh,10
826,Non Life Insurance,Himalayan Everest Insurance Limited,HEI,0.77,45000.0,23535000.0,0.0,,True,34,10,34.0,2079/2080,Magh,10
873,Non Life Insurance,Sagarmatha Lumbini Insurance Company Limited,SALICO,0.68,71667.0,43501869.0,2.14,,True,34,10,34.0,2079/2080,Magh,10
876,Non Life Insurance,Siddhartha Premier Insurance Company Limited,SPIL,1.26,46000.0,34684000.0,2.22,,True,34,10,34.0,2079/2080,Magh,10
249,Life Insurance,National Life Insurance Co. Ltd.,NLICL,0.2,50651.0,30086694.0,-9.55,,True,34,10,34.0,2079/2080,Magh,10
846,Life Insurance,Suryajyoti Life Insurance Company Limited,SJLIC,-0.46,54000.0,24030000.0,8.0,,True,34,10,34.0,2079/2080,Magh,10
242,Manufacturing and Processing,Unilever Nepal Limited,UNL,0.92,225.0,10507500.0,0.0,,True,34,10,34.0,2079/2080,Magh,10
238,Manufacturing and Processing,Himalayan Distillery Limited,HDL,0.59,8495.0,9921311.0,,,True,34,10,34.0,2079/2080,Magh,10
1040,Manufacturing and Processing,Palpa Cement Industries Limited,PCIL,1.85,3234.0,1173942.0,,,True,34,10,34.0,2079/2080,Magh,10
1035,Manufacturing and Processing,SY Panel Nepal Limited,SYPNL,1.54,5102.0,9392782.0,0.0,,True,34,10,34.0,2079/2080,Magh,10
1089,Manufacturing and Processing,Shreenagar Agritech Industries Limited,SAIL,2.29,3357.0,4350672.0,0.0,,True,34,10,34.0,2079/2080,Magh,10
945,Others,Himalayan Re-Insurance Limited,HRL,0.22,52000.0,38584000.0,-13.33,,True,34,10,34.0,2079/2080,Magh,10
149,Hotels and Tourism,Soaltee Hotel Limited,SHL,0.22,36065.0,18321020.0,-16.28,,True,34,10,34.0,2079/2080,Magh,10
986,Hotels and Tourism,Hotel Forest Inn Limited,HFIN,4.17,3895.0,3210259.0,0.0,,True,34,10,34.0,2079/2080,Magh,10
231,Investment,Citizen Investment Trust,CIT,0.03,2000.0,3592000.0,,,True,34,10,34.0,2079/2080,Magh,10
285,Microfinance,Infinity Laghubitta Bittiya Sanstha Limited,ILBS,0.11,26500.0,25652000.0,1.92,,True,34,10,34.0,2079/2080,Magh,10
265,Microfinance,Chhimek Laghubitta Bittiya Sanstha Limited,CBBL,0.22,21000.0,19152000.0,5.0,,True,34,10,34.0,2079/2080,Magh,10
982,Mutual Fund,Muktinath Mutual Fund 1,MNMF1,0.0,1017719.0,10034709.0,0.0,,True,34,10,34.0,2079/2080,Magh,10
878,Mutual Fund,Siddhartha Investment Growth Scheme-3,SIGS3,0.93,122000.0,1281000.0,1.92,,True,34,10,34.0,2079/2080,Magh,10
949,Mutual Fund,NIC Asia Growth Fund-2,NICGF2,-0.92,2611564.0,25097130.0,0.0,,True,34,10,34.0,2079/2080,Magh,10
13,Commercial Banks,Global IME Bank Limited,GBIME,0.68,83000.0,19754000.0,0.0,,True,34,11,34.0,2079/2080,Falgun,11
50,Commercial Banks,Standard Chartered Bank Limited,SCB,0.49,60000.0,39060000.0,0.0,,True,34,11,34.0,2079/2080,Falgun,11
44,Commercial Banks,Prime Commercial Bank Limited,PCBL,0.63,20000.0,4910000.0,0.0,,True,34,11,34.0,2079/2080,Falgun,11
11,Commercial Banks,Everest Bank Limited,EBL,0.03,62448.0,43588704.0,0.0,,True,34,11,34.0,2079/2080,Falgun,11
27,Commercial Banks,Nabil Bank Limited,NABIL,0.4,23500.0,12455000.0,9.3,,True,34,11,34.0,2079/2080,Falgun,11
46,Commercial Banks,Sanima Bank Limited,SANIMA,0.91,90000.0,31500000.0,12.5,,True,34,11,34.0,2079/2080,Falgun,11
62,Development Banks,Garima Bikas Bank Limited,GBBL,0.48,65000.0,26838500.0,0.0,,True,34,11,34.0,2079/2080,Falgun,11
1095,Development Banks,Salapa Bikas Bank Limited,SABBL,2.17,1769.0,2848090.0,0.0,,True,34,11,34.0,2079/2080,Falgun,11
70,Development Banks,Kamana Sewa Bikas Bank Limited,KSBBL,-0.39,12664.0,6144573.0,80.91,,True,34,11,34.0,2079/2080,Falgun,11
611,Hydro Power,Mountain Energy Nepal Limited,MEN,-0.33,15288.0,9157512.0,27.4,,True,34,11,34.0,2079/2080,Falgun,11
169,Hydro Power,Ngadi Group Power Ltd.,NGPL,1.01,10100.0,4734880.0,1136.23,,True,34,11,34.0,2079/2080,Falgun,11
176,Hydro Power,Sanima Mai Hydropower Ltd.,SHPC,0.13,25000.0,13222500.0,108.33,,True,34,11,34.0,2079/2080,Falgun,11
1023,Hydro Power,Suryakunda Hydro Electric Limited,SKHEL,1.91,417.0,371630.0,,,True,34,11,34.0,2079/2080,Falgun,11
1004,Hydro Power,Ridge Line Energy Limited,RLEL,2.79,861.0,810201.0,,,True,34,11,34.0,2079/2080,Falgun,11
1016,Hydro Power,Super Khudi Hydropower Limited,SKHL,6.74,938.0,1068007.0,,,True,34,11,34.0,2079/2080,Falgun,11
938,Hydro Power,Shikhar Power Development Limited,SIPD,2.0,1276.0,438816.0,,,True,34,11,34.0,2079/2080,Falgun,11
995,Hydro Power,Bhujung Hydropower Limited,BJHL,3.03,973.0,1206520.0,,,True,34,11,34.0,2079/2080,Falgun,11
1001,Hydro Power,Solu Hydropower Limited,SOHL,0.44,10263.0,7718802.0,,,True,34,11,34.0,2079/2080,Falgun,11
178,Hydro Power,Synergy Power Development Ltd.,SPDL,-0.15,1899.0,807075.0,111.23,,True,34,11,34.0,2079/2080,Falgun,11
856,Hydro Power,Makar Jitumaya Suri Hydropower Limited,MAKAR,1.94,36009.0,19160389.0,0.0,,True,34,11,34.0,2079/2080,Falgun,11
180,Hydro Power,United Modi Hydropower Ltd.,UMHL,-0.35,40000.0,25560000.0,-37.5,,True,34,11,34.0,2079/2080,Falgun,11
760,Hydro Power,Sahas Urja Ltd.,SAHAS,0.76,40000.0,24940000.0,-33.33,,True,34,11,34.0,2079/2080,Falgun,11
826,Non Life Insurance,Himalayan Everest Insurance Limited,HEI,0.77,45000.0,23535000.0,0.0,,True,34,11,34.0,2079/2080,Falgun,11
873,Non Life Insurance,Sagarmatha Lumbini Insurance Company Limited,SALICO,0.68,71667.0,43501869.0,2.14,,True,34,11,34.0,2079/2080,Falgun,11
876,Non Life Insurance,Siddhartha Premier Insurance Company Limited,SPIL,1.26,46000.0,34684000.0,2.22,,True,34,11,34.0,2079/2080,Falgun,11
249,Life Insurance,National Life Insurance Co. Ltd.,NLICL,0.2,50651.0,30086694.0,-9.55,,True,34,11,34.0,2079/2080,Falgun,11
846,Life Insurance,Suryajyoti Life Insurance Company Limited,SJLIC,-0.46,54000.0,24030000.0,8.0,,True,34,11,34.0,2079/2080,Falgun,11
242,Manufacturing and Processing,Unilever Nepal Limited,UNL,0.92,225.0,10507500.0,0.0,,True,34,11,34.0,2079/2080,Falgun,11
238,Manufacturing and Processing,Himalayan Distillery Limited,HDL,0.59,8495.0,9921311.0,,,True,34,11,34.0,2079/2080,Falgun,11
1040,Manufacturing and Processing,Palpa Cement Industries Limited,PCIL,1.85,3234.0,1173942.0,,,True,34,11,34.0,2079/2080,Falgun,11
1035,Manufacturing and Processing,SY Panel Nepal Limited,SYPNL,1.54,5102.0,9392782.0,0.0,,True,34,11,34.0,2079/2080,Falgun,11
1089,Manufacturing and Processing,Shreenagar Agritech Industries Limited,SAIL,2.29,3357.0,4350672.0,0.0,,True,34,11,34.0,2079/2080,Falgun,11
945,Others,Himalayan Re-Insurance Limited,HRL,0.22,52000.0,38584000.0,-13.33,,True,34,11,34.0,2079/2080,Falgun,11
149,Hotels and Tourism,Soaltee Hotel Limited,SHL,0.22,36065.0,18321020.0,-16.28,,True,34,11,34.0,2079/2080,Falgun,11
986,Hotels and Tourism,Hotel Forest Inn Limited,HFIN,4.17,3895.0,3210259.0,0.0,,True,34,11,34.0,2079/2080,Falgun,11
231,Investment,Citizen Investment Trust,CIT,0.03,2000.0,3592000.0,,,True,34,11,34.0,2079/2080,Falgun,11
285,Microfinance,Infinity Laghubitta Bittiya Sanstha Limited,ILBS,0.11,26500.0,25652000.0,1.92,,True,34,11,34.0,2079/2080,Falgun,11
265,Microfinance,Chhimek Laghubitta Bittiya Sanstha Limited,CBBL,0.22,21000.0,19152000.0,5.0,,True,34,11,34.0,2079/2080,Falgun,11
982,Mutual Fund,Muktinath Mutual Fund 1,MNMF1,0.0,1017719.0,10034709.0,0.0,,True,34,11,34.0,2079/2080,Falgun,11
878,Mutual Fund,Siddhartha Investment Growth Scheme-3,SIGS3,0.93,122000.0,1281000.0,1.92,,True,34,11,34.0,2079/2080,Falgun,11
949,Mutual Fund,NIC Asia Growth Fund-2,NICGF2,-0.92,2611564.0,25097130.0,0.0,,True,34,11,34.0,2079/2080,Falgun,11
13,Commercial Banks,Global IME Bank Limited,GBIME,0.68,83000.0,19754000.0,0.0,,True,34,12,34.0,2079/2080,Chaitra,12
50,Commercial Banks,Standard Chartered Bank Limited,SCB,0.49,60000.0,39060000.0,0.0,,True,34,12,34.0,2079/2080,Chaitra,12
44,Commercial Banks,Prime Commercial Bank Limited,PCBL,0.63,20000.0,4910000.0,0.0,,True,34,12,34.0,2079/2080,Chaitra,12
11,Commercial Banks,Everest Bank Limited,EBL,0.03,62448.0,43588704.0,0.0,,True,34,12,34.0,2079/2080,Chaitra,12
27,Commercial Banks,Nabil Bank Limited,NABIL,0.4,23500.0,12455000.0,9.3,,True,34,12,34.0,2079/2080,Chaitra,12
46,Commercial Banks,Sanima Bank Limited,SANIMA,0.91,90000.0,31500000.0,12.5,,True,34,12,34.0,2079/2080,Chaitra,12
62,Development Banks,Garima Bikas Bank Limited,GBBL,0.48,65000.0,26838500.0,0.0,,True,34,12,34.0,2079/2080,Chaitra,12
1095,Development Banks,Salapa Bikas Bank Limited,SABBL,2.17,1769.0,2848090.0,0.0,,True,34,12,34.0,2079/2080,Chaitra,12
70,Development Banks,Kamana Sewa Bikas Bank Limited,KSBBL,-0.39,12664.0,6144573.0,80.91,,True,34,12,34.0,2079/2080,Chaitra,12
611,Hydro Power,Mountain Energy Nepal Limited,MEN,-0.33,15288.0,9157512.0,27.4,,True,34,12,34.0,2079/2080,Chaitra,12
169,Hydro Power,Ngadi Group Power Ltd.,NGPL,1.01,10100.0,4734880.0,1136.23,,True,34,12,34.0,2079/2080,Chaitra,12
176,Hydro Power,Sanima Mai Hydropower Ltd.,SHPC,0.13,25000.0,13222500.0,108.33,,True,34,12,34.0,2079/2080,Chaitra,12
1023,Hydro Power,Suryakunda Hydro Electric Limited,SKHEL,1.91,417.0,371630.0,,,True,34,12,34.0,2079/2080,Chaitra,12
1004,Hydro Power,Ridge Line Energy Limited,RLEL,2.79,861.0,810201.0,,,True,34,12,34.0,2079/2080,Chaitra,12
1016,Hydro Power,Super Khudi Hydropower Limited,SKHL,6.74,938.0,1068007.0,,,True,34,12,34.0,2079/2080,Chaitra,12
938,Hydro Power,Shikhar Power Development Limited,SIPD,2.0,1276.0,438816.0,,,True,34,12,34.0,2079/2080,Chaitra,12
995,Hydro Power,Bhujung Hydropower Limited,BJHL,3.03,973.0,1206520.0,,,True,34,12,34.0,2079/2080,Chaitra,12
1001,Hydro Power,Solu Hydropower Limited,SOHL,0.44,10263.0,7718802.0,,,True,34,12,34.0,2079/2080,Chaitra,12
178,Hydro Power,Synergy Power Development Ltd.,SPDL,-0.15,1899.0,807075.0,111.23,,True,34,12,34.0,2079/2080,Chaitra,12
856,Hydro Power,Makar Jitumaya Suri Hydropower Limited,MAKAR,1.94,36009.0,19160389.0,0.0,,True,34,12,34.0,2079/2080,Chaitra,12
180,Hydro Power,United Modi Hydropower Ltd.,UMHL,-0.35,40000.0,25560000.0,-37.5,,True,34,12,34.0,2079/2080,Chaitra,12
760,Hydro Power,Sahas Urja Ltd.,SAHAS,0.76,40000.0,24940000.0,-33.33,,True,34,12,34.0,2079/2080,Chaitra,12
826,Non Life Insurance,Himalayan Everest Insurance Limited,HEI,0.77,45000.0,23535000.0,0.0,,True,34,12,34.0,2079/2080,Chaitra,12
873,Non Life Insurance,Sagarmatha Lumbini Insurance Company Limited,SALICO,0.68,71667.0,43501869.0,2.14,,True,34,12,34.0,2079/2080,Chaitra,12
876,Non Life Insurance,Siddhartha Premier Insurance Company Limited,SPIL,1.26,46000.0,34684000.0,2.22,,True,34,12,34.0,2079/2080,Chaitra,12
249,Life Insurance,National Life Insurance Co. Ltd.,NLICL,0.2,50651.0,30086694.0,-9.55,,True,34,12,34.0,2079/2080,Chaitra,12
846,Life Insurance,Suryajyoti Life Insurance Company Limited,SJLIC,-0.46,54000.0,24030000.0,8.0,,True,34,12,34.0,2079/2080,Chaitra,12
242,Manufacturing and Processing,Unilever Nepal Limited,UNL,0.92,225.0,10507500.0,0.0,,True,34,12,34.0,2079/2080,Chaitra,12
238,Manufacturing and Processing,Himalayan Distillery Limited,HDL,0.59,8495.0,9921311.0,,,True,34,12,34.0,2079/2080,Chaitra,12
1040,Manufacturing and Processing,Palpa Cement Industries Limited,PCIL,1.85,3234.0,1173942.0,,,True,34,12,34.0,2079/2080,Chaitra,12
1035,Manufacturing and Processing,SY Panel Nepal Limited,SYPNL,1.54,5102.0,9392782.0,0.0,,True,34,12,34.0,2079/2080,Chaitra,12
1089,Manufacturing and Processing,Shreenagar Agritech Industries Limited,SAIL,2.29,3357.0,4350672.0,0.0,,True,34,12,34.0,2079/2080,Chaitra,12
945,Others,Himalayan Re-Insurance Limited,HRL,0.22,52000.0,38584000.0,-13.33,,True,34,12,34.0,2079/2080,Chaitra,12
149,Hotels and Tourism,Soaltee Hotel Limited,SHL,0.22,36065.0,18321020.0,-16.28,,True,34,12,34.0,2079/2080,Chaitra,12
986,Hotels and Tourism,Hotel Forest Inn Limited,HFIN,4.17,3895.0,3210259.0,0.0,,True,34,12,34.0,2079/2080,Chaitra,12
231,Investment,Citizen Investment Trust,CIT,0.03,2000.0,3592000.0,,,True,34,12,34.0,2079/2080,Chaitra,12
285,Microfinance,Infinity Laghubitta Bittiya Sanstha Limited,ILBS,0.11,26500.0,25652000.0,1.92,,True,34,12,34.0,2079/2080,Chaitra,12
265,Microfinance,Chhimek Laghubitta Bittiya Sanstha Limited,CBBL,0.22,21000.0,19152000.0,5.0,,True,34,12,34.0,2079/2080,Chaitra,12
982,Mutual Fund,Muktinath Mutual Fund 1,MNMF1,0.0,1017719.0,10034709.0,0.0,,True,34,12,34.0,2079/2080,Chaitra,12
878,Mutual Fund,Siddhartha Investment Growth Scheme-3,SIGS3,0.93,122000.0,1281000.0,1.92,,True,34,12,34.0,2079/2080,Chaitra,12
949,Mutual Fund,NIC Asia Growth Fund-2,NICGF2,-0.92,2611564.0,25097130.0,0.0,,True,34,12,34.0,2079/2080,Chaitra,12
11,Commercial Banks,Everest Bank Limited,EBL,0.03,37334.0,19036607.0,0.0,,True,35,1,35.0,2080/2081,Baisakh,1
922,Commercial Banks,Laxmi Sunrise Bank Limited,LSL,1.3,110491.0,17004565.0,0.0,,True,35,1,35.0,2080/2081,Baisakh,1
13,Commercial Banks,Global IME Bank Limited,GBIME,0.68,117832.0,20974096.0,0.0,,True,35,1,35.0,2080/2081,Baisakh,1
40,Commercial Banks,NMB Bank Limited,NMB,1.06,63338.0,11204492.0,0.0,,True,35,1,35.0,2080/2081,Baisakh,1
50,Commercial Banks,Standard Chartered Bank Limited,SCB,0.49,41112.0,22208702.0,2.33,,True,35,1,35.0,2080/2081,Baisakh,1
46,Commercial Banks,Sanima Bank Limited,SANIMA,0.91,39154.0,9357806.0,0.0,,True,35,1,35.0,2080/2081,Baisakh,1
62,Development Banks,Garima Bikas Bank Limited,GBBL,0.48,37835.0,13942198.0,5.58,,True,35,1,35.0,2080/2081,Baisakh,1
100,Development Banks,Shine Resunga Development Bank Ltd.,SHINE,-0.22,35153.0,13635849.0,-7.86,,True,35,1,35.0,2080/2081,Baisakh,1
611,Hydro Power,Mountain Energy Nepal Limited,MEN,-0.33,17777.0,9315148.0,89.12,,True,35,1,35.0,2080/2081,Baisakh,1
160,Hydro Power,Ghalemdi Hydro Limited,GHL,2.11,49770.0,7166880.0,0.0,,True,35,1,35.0,2080/2081,Baisakh,1
856,Hydro Power,Makar Jitumaya Suri Hydropower Limited,MAKAR,1.94,5000.0,1759500.0,-61.53,,True,35,1,35.0,2080/2081,Baisakh,1
152,Hydro Power,Api Power Company Ltd.,API,0.79,88133.0,15070743.0,0.0,,True,35,1,35.0,2080/2081,Baisakh,1
893,Hydro Power,Vision Lumbini Urja Company Limited,VLUCL,-0.3,2391.0,1092687.0,0.0,,True,35,1,35.0,2080/2081,Baisakh,1
153,Hydro Power,Arun Kabeli Power Ltd.,AKPL,1.52,37000.0,6045800.0,0.0,,True,35,1,35.0,2080/2081,Baisakh,1
832,Hydro Power,Peoples Hydropower Company Limited,PHCL,0.06,26106.0,7492422.0,0.0,,True,35,1,35.0,2080/2081,Baisakh,1
760,Hydro Power,Sahas Urja Ltd.,SAHAS,0.76,28004.0,13763966.0,17.24,,True,35,1,35.0,2080/2081,Baisakh,1
210,Non Life Insurance,Neco Insurance Co. Ltd.,NIL,0.99,27053.0,21398923.0,3.84,,True,35,1,35.0,2080/2081,Baisakh,1
919,Non Life Insurance,United Ajod Insurance Limited,UAIL,0.25,65767.0,36836097.0,-4.36,,True,35,1,35.0,2080/2081,Baisakh,1
873,Non Life Insurance,Sagarmatha Lumbini Insurance Company Limited,SALICO,0.68,47873.0,32074910.0,0.0,,True,35,1,35.0,2080/2081,Baisakh,1
876,Non Life Insurance,Siddhartha Premier Insurance Company Limited,SPIL,1.26,22804.0,17499790.0,-4.2,,True,35,1,35.0,2080/2081,Baisakh,1
249,Life Insurance,National Life Insurance Co. Ltd.,NLICL,0.2,43741.0,23795104.0,1.81,,True,35,1,35.0,2080/2081,Baisakh,1
243,Life Insurance,Asian Life Insurance Co. Limited,ALICL,-0.53,26008.0,14772544.0,0.0,,True,35,1,35.0,2080/2081,Baisakh,1
247,Life Insurance,Life Insurance Corporation (Nepal) Limited,LICN,-0.72,8811.0,11286891.0,0.0,,True,35,1,35.0,2080/2081,Baisakh,1
251,Life Insurance,Nepal Life Insurance Co. Ltd.,NLIC,0.1,14447.0,8350366.0,0.0,,True,35,1,35.0,2080/2081,Baisakh,1
242,Manufacturing and Processing,Unilever Nepal Limited,UNL,0.92,516.0,20382000.0,0.0,,True,35,1,35.0,2080/2081,Baisakh,1
240,Manufacturing and Processing,Shivam Cement Ltd.,SHIVM,0.96,14483.0,7151705.0,,,True,35,1,35.0,2080/2081,Baisakh,1
674,Manufacturing and Processing,Sarbottam Cement Limited,SARBTM,0.23,4498.0,3440970.0,0.0,,True,35,1,35.0,2080/2081,Baisakh,1
945,Others,Himalayan Re-Insurance Limited,HRL,0.22,39399.0,22260435.0,0.0,,True,35,1,35.0,2080/2081,Baisakh,1
892,Others,Nepal Warehousing Company Ltd,NWCL,2.16,1719.0,1272060.0,0.0,,True,35,1,35.0,2080/2081,Baisakh,1
888,Others,Muktinath Krishi Company Ltd.,MKCL,0.86,1750.0,1487500.0,0.0,,True,35,1,35.0,2080/2081,Baisakh,1
128,Finance,Manjushree Finance Ltd.,MFIL,-0.37,12041.0,6083113.0,19.92,,True,35,1,35.0,2080/2081,Baisakh,1
150,Hotels and Tourism,Taragaon Regency Hotel Limited,TRH,0.35,8798.0,6422540.0,29.42,,True,35,1,35.0,2080/2081,Baisakh,1
284,Microfinance,Gurans Laghubitta Bittiya Sanstha Limited,GLBSL,1.01,1935.0,4257000.0,-2.27,,True,35,1,35.0,2080/2081,Baisakh,1
884,Mutual Fund,RBB Mutual Fund 2,RMF2,3.96,1000000.0,8690000.0,0.0,,True,35,1,35.0,2080/2081,Baisakh,1
949,Mutual Fund,NIC Asia Growth Fund-2,NICGF2,-0.92,3000000.0,23370000.0,0.0,,True,35,1,35.0,2080/2081,Baisakh,1
11,Commercial Banks,Everest Bank Limited,EBL,0.03,38901.0,20734233.0,4.2,,True,35,2,35.0,2080/2081,Jestha,2
922,Commercial Banks,Laxmi Sunrise Bank Limited,LSL,1.3,137173.0,21947680.0,24.15,,True,35,2,35.0,2080/2081,Jestha,2
13,Commercial Banks,Global IME Bank Limited,GBIME,0.68,132846.0,24722641.0,12.74,,True,35,2,35.0,2080/2081,Jestha,2
40,Commercial Banks,NMB Bank Limited,NMB,1.06,65332.0,12733207.0,3.15,,True,35,2,35.0,2080/2081,Jestha,2
50,Commercial Banks,Standard Chartered Bank Limited,SCB,0.49,38112.0,21418944.0,-7.3,,True,35,2,35.0,2080/2081,Jestha,2
46,Commercial Banks,Sanima Bank Limited,SANIMA,0.91,40300.0,10155600.0,2.93,,True,35,2,35.0,2080/2081,Jestha,2
62,Development Banks,Garima Bikas Bank Limited,GBBL,0.48,52765.0,19264502.0,39.46,,True,35,2,35.0,2080/2081,Jestha,2
100,Development Banks,Shine Resunga Development Bank Ltd.,SHINE,-0.22,38564.0,15001396.0,9.7,,True,35,2,35.0,2080/2081,Jestha,2
611,Hydro Power,Mountain Energy Nepal Limited,MEN,-0.33,12000.0,7395600.0,-32.5,,True,35,2,35.0,2080/2081,Jestha,2
160,Hydro Power,Ghalemdi Hydro Limited,GHL,2.11,52270.0,7929359.0,5.02,,True,35,2,35.0,2080/2081,Jestha,2
152,Hydro Power,Api Power Company Ltd.,API,0.79,95881.0,16587413.0,8.79,,True,35,2,35.0,2080/2081,Jestha,2
153,Hydro Power,Arun Kabeli Power Ltd.,AKPL,1.52,37000.0,6179000.0,0.0,,True,35,2,35.0,2080/2081,Jestha,2
832,Hydro Power,Peoples Hydropower Company Limited,PHCL,0.06,26106.0,8641086.0,0.0,,True,35,2,35.0,2080/2081,Jestha,2
760,Hydro Power,Sahas Urja Ltd.,SAHAS,0.76,32914.0,17381883.0,17.53,,True,35,2,35.0,2080/2081,Jestha,2
210,Non Life Insurance,Neco Insurance Co. Ltd.,NIL,0.99,41261.0,33256366.0,52.52,,True,35,2,35.0,2080/2081,Jestha,2
919,Non Life Insurance,United Ajod Insurance Limited,UAIL,0.25,64896.0,37354138.0,-1.32,,True,35,2,35.0,2080/2081,Jestha,2
873,Non Life Insurance,Sagarmatha Lumbini Insurance Company Limited,SALICO,0.68,52651.0,36697747.0,9.98,,True,35,2,35.0,2080/2081,Jestha,2
876,Non Life Insurance,Siddhartha Premier Insurance Company Limited,SPIL,1.26,18385.0,14781540.0,-19.38,,True,35,2,35.0,2080/2081,Jestha,2
249,Life Insurance,National Life Insurance Co. Ltd.,NLICL,0.2,50720.0,27946720.0,15.96,,True,35,2,35.0,2080/2081,Jestha,2
243,Life Insurance,Asian Life Insurance Co. Limited,ALICL,-0.53,38632.0,22209537.0,48.54,,True,35,2,35.0,2080/2081,Jestha,2
247,Life Insurance,Life Insurance Corporation (Nepal) Limited,LICN,-0.72,14908.0,20422469.0,69.2,,True,35,2,35.0,2080/2081,Jestha,2
251,Life Insurance,Nepal Life Insurance Co. Ltd.,NLIC,0.1,14447.0,9029375.0,0.0,,True,35,2,35.0,2080/2081,Jestha,2
242,Manufacturing and Processing,Unilever Nepal Limited,UNL,0.92,566.0,25187000.0,9.69,,True,35,2,35.0,2080/2081,Jestha,2
240,Manufacturing and Processing,Shivam Cement Ltd.,SHIVM,0.96,25321.0,12587069.0,74.83,,True,35,2,35.0,2080/2081,Jestha,2
674,Manufacturing and Processing,Sarbottam Cement Limited,SARBTM,0.23,4498.0,3665870.0,0.0,,True,35,2,35.0,2080/2081,Jestha,2
945,Others,Himalayan Re-Insurance Limited,HRL,0.22,37500.0,20906250.0,-4.82,,True,35,2,35.0,2080/2081,Jestha,2
128,Finance,Manjushree Finance Ltd.,MFIL,-0.37,17171.0,8973565.0,42.6,,True,35,2,35.0,2080/2081,Jestha,2
150,Hotels and Tourism,Taragaon Regency Hotel Limited,TRH,0.35,10050.0,7749555.0,14.23,,True,35,2,35.0,2080/2081,Jestha,2
284,Microfinance,Gurans Laghubitta Bittiya Sanstha Limited,GLBSL,1.01,2984.0,5496826.0,54.21,,True,35,2,35.0,2080/2081,Jestha,2
884,Mutual Fund,RBB Mutual Fund 2,RMF2,3.96,1000000.0,8400000.0,0.0,,True,35,2,35.0,2080/2081,Jestha,2
954,Mutual Fund,NIBL Stable Fund,NIBLSTF,-0.21,2000000.0,17080000.0,,,True,35,2,35.0,2080/2081,Jestha,2
949,Mutual Fund,NIC Asia Growth Fund-2,NICGF2,-0.92,3000000.0,24270000.0,0.0,,True,35,2,35.0,2080/2081,Jestha,2
922,Commercial Banks,Laxmi Sunrise Bank Limited,LSL,1.3,78095.0,13666625.0,-43.07,,True,35,3,35.0,2080/2081,Ashadh,3
13,Commercial Banks,Global IME Bank Limited,GBIME,0.68,138821.0,26959038.0,4.5,,True,35,3,35.0,2080/2081,Ashadh,3
46,Commercial Banks,Sanima Bank Limited,SANIMA,0.91,33162.0,9252198.0,-17.71,,True,35,3,35.0,2080/2081,Ashadh,3
62,Development Banks,Garima Bikas Bank Limited,GBBL,0.48,12139.0,4674729.0,-76.99,,True,35,3,35.0,2080/2081,Ashadh,3
84,Development Banks,Muktinath Bikas Bank Ltd.,MNBBL,0.21,27680.0,10158560.0,,,True,35,3,35.0,2080/2081,Ashadh,3
611,Hydro Power,Mountain Energy Nepal Limited,MEN,-0.33,30181.0,18018057.0,151.51,,True,35,3,35.0,2080/2081,Ashadh,3
160,Hydro Power,Ghalemdi Hydro Limited,GHL,2.11,37864.0,6311929.0,-27.56,,True,35,3,35.0,2080/2081,Ashadh,3
176,Hydro Power,Sanima Mai Hydropower Ltd.,SHPC,0.13,31109.0,10561506.0,,,True,35,3,35.0,2080/2081,Ashadh,3
161,Hydro Power,Himalaya Urja Bikas Company Limited,HURJA,2.18,4960.0,967200.0,,,True,35,3,35.0,2080/2081,Ashadh,3
171,Hydro Power,Panchthar Power Company Limited,PPCL,0.08,26126.0,8357707.0,,,True,35,3,35.0,2080/2081,Ashadh,3
760,Hydro Power,Sahas Urja Ltd.,SAHAS,0.76,37242.0,19328598.0,13.15,,True,35,3,35.0,2080/2081,Ashadh,3
210,Non Life Insurance,Neco Insurance Co. Ltd.,NIL,0.99,24745.0,20686820.0,-40.03,,True,35,3,35.0,2080/2081,Ashadh,3
826,Non Life Insurance,Himalayan Everest Insurance Limited,HEI,0.77,18000.0,11376000.0,,,True,35,3,35.0,2080/2081,Ashadh,3
873,Non Life Insurance,Sagarmatha Lumbini Insurance Company Limited,SALICO,0.68,50930.0,37026110.0,-3.27,,True,35,3,35.0,2080/2081,Ashadh,3
876,Non Life Insurance,Siddhartha Premier Insurance Company Limited,SPIL,1.26,20736.0,17830886.0,12.79,,True,35,3,35.0,2080/2081,Ashadh,3
249,Life Insurance,National Life Insurance Co. Ltd.,NLICL,0.2,71255.0,42396725.0,40.49,,True,35,3,35.0,2080/2081,Ashadh,3
243,Life Insurance,Asian Life Insurance Co. Limited,ALICL,-0.53,45897.0,28593831.0,18.81,,True,35,3,35.0,2080/2081,Ashadh,3
247,Life Insurance,Life Insurance Corporation (Nepal) Limited,LICN,-0.72,15988.0,22990744.0,7.24,,True,35,3,35.0,2080/2081,Ashadh,3
251,Life Insurance,Nepal Life Insurance Co. Ltd.,NLIC,0.1,14447.0,8942693.0,0.0,,True,35,3,35.0,2080/2081,Ashadh,3
242,Manufacturing and Processing,Unilever Nepal Limited,UNL,0.92,215.0,10175520.0,-62.01,,True,35,3,35.0,2080/2081,Ashadh,3
240,Manufacturing and Processing,Shivam Cement Ltd.,SHIVM,0.96,40043.0,20113599.0,58.14,,True,35,3,35.0,2080/2081,Ashadh,3
674,Manufacturing and Processing,Sarbottam Cement Limited,SARBTM,0.23,4498.0,3627637.0,0.0,,True,35,3,35.0,2080/2081,Ashadh,3
945,Others,Himalayan Re-Insurance Limited,HRL,0.22,28808.0,16708640.0,-23.18,,True,35,3,35.0,2080/2081,Ashadh,3
132,Finance,Nepal Finance Ltd.,NFS,0.37,3000.0,2682000.0,,,True,35,3,35.0,2080/2081,Ashadh,3
572,Investment,NRN Infrastructure and Development Limited,NRN,1.75,2947.0,2204356.0,,,True,35,3,35.0,2080/2081,Ashadh,3
149,Hotels and Tourism,Soaltee Hotel Limited,SHL,0.22,4300.0,1900600.0,,,True,35,3,35.0,2080/2081,Ashadh,3
284,Microfinance,Gurans Laghubitta Bittiya Sanstha Limited,GLBSL,1.01,2942.0,5357382.0,-1.41,,True,35,3,35.0,2080/2081,Ashadh,3
884,Mutual Fund,RBB Mutual Fund 2,RMF2,3.96,1000000.0,9500000.0,0.0,,True,35,3,35.0,2080/2081,Ashadh,3
954,Mutual Fund,NIBL Stable Fund,NIBLSTF,-0.21,2000000.0,20000000.0,0.0,,True,35,3,35.0,2080/2081,Ashadh,3
949,Mutual Fund,NIC Asia Growth Fund-2,NICGF2,-0.92,3000000.0,24600000.0,0.0,,True,35,3,35.0,2080/2081,Ashadh,3
11,Commercial Banks,Everest Bank Limited,EBL,0.03,40861.0,25088654.0,37.69,,True,35,4,35.0,2080/2081,Shrawan,4
37,Commercial Banks,Nepal SBI Bank Limited,SBI,1.63,5680.0,1902800.0,-73.92,,True,35,4,35.0,2080/2081,Shrawan,4
13,Commercial Banks,Global IME Bank Limited,GBIME,0.68,51243.0,10837895.0,,,True,35,4,35.0,2080/2081,Shrawan,4
37,Commercial Banks,Nepal SBI Bank Limited,SBI,1.63,10451.0,2361926.0,-52.01,,True,35,4,35.0,2080/2081,Shrawan,4
46,Commercial Banks,Sanima Bank Limited,SANIMA,0.91,16022.0,4819418.0,-58.97,,True,35,4,35.0,2080/2081,Shrawan,4
62,Development Banks,Garima Bikas Bank Limited,GBBL,0.48,8588.0,3263440.0,-33.81,,True,35,4,35.0,2080/2081,Shrawan,4
100,Development Banks,Shine Resunga Development Bank Ltd.,SHINE,-0.22,5671.0,2149309.0,-81.61,,True,35,4,35.0,2080/2081,Shrawan,4
84,Development Banks,Muktinath Bikas Bank Ltd.,MNBBL,0.21,3929.0,1555884.0,-44.69,,True,35,4,35.0,2080/2081,Shrawan,4
578,Hydro Power,Shiva Shree Hydropower Limited,SSHL,2.54,27500.0,4317500.0,17.02,,True,35,4,35.0,2080/2081,Shrawan,4
856,Hydro Power,Makar Jitumaya Suri Hydropower Limited,MAKAR,1.94,15228.0,3685176.0,53.38,,True,35,4,35.0,2080/2081,Shrawan,4
152,Hydro Power,Api Power Company Ltd.,API,0.79,85282.0,15180196.0,205.79,,True,35,4,35.0,2080/2081,Shrawan,4
832,Hydro Power,Peoples Hydropower Company Limited,PHCL,0.06,8606.0,2409680.0,0.0,,True,35,4,35.0,2080/2081,Shrawan,4
760,Hydro Power,Sahas Urja Ltd.,SAHAS,0.76,26420.0,11096400.0,1.55,,True,35,4,35.0,2080/2081,Shrawan,4
210,Non Life Insurance,Neco Insurance Co. Ltd.,NIL,0.99,7255.0,6224790.0,-21.61,,True,35,4,35.0,2080/2081,Shrawan,4
919,Non Life Insurance,United Ajod Insurance Limited,UAIL,0.25,33475.0,19689995.0,1573.75,,True,35,4,35.0,2080/2081,Shrawan,4
873,Non Life Insurance,Sagarmatha Lumbini Insurance Company Limited,SALICO,0.68,26023.0,19028018.0,-16.12,,True,35,4,35.0,2080/2081,Shrawan,4
249,Life Insurance,National Life Insurance Co. Ltd.,NLICL,0.2,26326.0,15790335.0,-3.66,,True,35,4,35.0,2080/2081,Shrawan,4
243,Life Insurance,Asian Life Insurance Co. Limited,ALICL,-0.53,26738.0,18553498.0,-36.04,,True,35,4,35.0,2080/2081,Shrawan,4
247,Life Insurance,Life Insurance Corporation (Nepal) Limited,LICN,-0.72,4309.0,6355775.0,-59.06,,True,35,4,35.0,2080/2081,Shrawan,4
251,Life Insurance,Nepal Life Insurance Co. Ltd.,NLIC,0.1,12107.0,8473689.0,-39.79,,True,35,4,35.0,2080/2081,Shrawan,4
236,Manufacturing and Processing,Bottlers Nepal (Terai) Limited,BNT,-1.77,260.0,3718000.0,-23.53,,True,35,4,35.0,2080/2081,Shrawan,4
233,Others,Nepal Doorsanchar Company Limited,NTC,0.27,18040.0,15748920.0,-29.74,,True,35,4,35.0,2080/2081,Shrawan,4
736,Mutual Fund,RBB Mutual Fund 1,RMF1,0.1,1000000.0,10430000.0,,,True,35,4,35.0,2080/2081,Shrawan,4
194,Mutual Fund,NMB Hybrid Fund L-1,NMBHF1,-1.4,57671.0,636111.0,0.0,,True,35,4,35.0,2080/2081,Shrawan,4
189,Mutual Fund,Nabil Equity Fund,NEF,0.2,54866.0,534944.0,0.0,,True,35,4,35.0,2080/2081,Shrawan,4
11,Commercial Banks,Everest Bank Limited,EBL,0.03,11202.0,6565492.0,-72.59,,True,35,5,35.0,2080/2081,Bhadra,5
922,Commercial Banks,Laxmi Sunrise Bank Limited,LSL,1.3,76576.0,14396288.0,,,True,35,5,35.0,2080/2081,Bhadra,5
37,Commercial Banks,Nepal SBI Bank Limited,SBI,1.63,5680.0,1896552.0,0.0,,True,35,5,35.0,2080/2081,Bhadra,5
13,Commercial Banks,Global IME Bank Limited,GBIME,0.68,94589.0,19267779.0,84.59,,True,35,5,35.0,2080/2081,Bhadra,5
40,Commercial Banks,NMB Bank Limited,NMB,1.06,31155.0,6785559.0,,,True,35,5,35.0,2080/2081,Bhadra,5
50,Commercial Banks,Standard Chartered Bank Limited,SCB,0.49,16173.0,9040707.0,,,True,35,5,35.0,2080/2081,Bhadra,5
46,Commercial Banks,Sanima Bank Limited,SANIMA,0.91,8522.0,2467119.0,-46.81,,True,35,5,35.0,2080/2081,Bhadra,5
62,Development Banks,Garima Bikas Bank Limited,GBBL,0.48,8588.0,3223076.0,0.0,,True,35,5,35.0,2080/2081,Bhadra,5
100,Development Banks,Shine Resunga Development Bank Ltd.,SHINE,-0.22,5671.0,2132296.0,0.0,,True,35,5,35.0,2080/2081,Bhadra,5
84,Development Banks,Muktinath Bikas Bank Ltd.,MNBBL,0.21,3929.0,1527202.0,0.0,,True,35,5,35.0,2080/2081,Bhadra,5
578,Hydro Power,Shiva Shree Hydropower Limited,SSHL,2.54,27500.0,3822500.0,0.0,,True,35,5,35.0,2080/2081,Bhadra,5
856,Hydro Power,Makar Jitumaya Suri Hydropower Limited,MAKAR,1.94,15468.0,3460192.0,1.58,,True,35,5,35.0,2080/2081,Bhadra,5
152,Hydro Power,Api Power Company Ltd.,API,0.79,124823.0,21868990.0,46.37,,True,35,5,35.0,2080/2081,Bhadra,5
832,Hydro Power,Peoples Hydropower Company Limited,PHCL,0.06,8606.0,2141173.0,0.0,,True,35,5,35.0,2080/2081,Bhadra,5
760,Hydro Power,Sahas Urja Ltd.,SAHAS,0.76,26420.0,11096400.0,0.0,,True,35,5,35.0,2080/2081,Bhadra,5
210,Non Life Insurance,Neco Insurance Co. Ltd.,NIL,0.99,7255.0,6275575.0,0.0,,True,35,5,35.0,2080/2081,Bhadra,5
919,Non Life Insurance,United Ajod Insurance Limited,UAIL,0.25,66522.0,37651452.0,98.72,,True,35,5,35.0,2080/2081,Bhadra,5
873,Non Life Insurance,Sagarmatha Lumbini Insurance Company Limited,SALICO,0.68,41975.0,29965953.0,61.3,,True,35,5,35.0,2080/2081,Bhadra,5
876,Non Life Insurance,Siddhartha Premier Insurance Company Limited,SPIL,1.26,13651.0,10033485.0,,,True,35,5,35.0,2080/2081,Bhadra,5
249,Life Insurance,National Life Insurance Co. Ltd.,NLICL,0.2,31818.0,18549894.0,20.86,,True,35,5,35.0,2080/2081,Bhadra,5
243,Life Insurance,Asian Life Insurance Co. Limited,ALICL,-0.53,29138.0,19639012.0,8.98,,True,35,5,35.0,2080/2081,Bhadra,5
247,Life Insurance,Life Insurance Corporation (Nepal) Limited,LICN,-0.72,5811.0,8083101.0,34.86,,True,35,5,35.0,2080/2081,Bhadra,5
251,Life Insurance,Nepal Life Insurance Co. Ltd.,NLIC,0.1,12107.0,8299349.0,0.0,,True,35,5,35.0,2080/2081,Bhadra,5
236,Manufacturing and Processing,Bottlers Nepal (Terai) Limited,BNT,-1.77,260.0,3430700.0,0.0,,True,35,5,35.0,2080/2081,Bhadra,5
242,Manufacturing and Processing,Unilever Nepal Limited,UNL,0.92,200.0,7000000.0,,,True,35,5,35.0,2080/2081,Bhadra,5
240,Manufacturing and Processing,Shivam Cement Ltd.,SHIVM,0.96,21556.0,10972004.0,,,True,35,5,35.0,2080/2081,Bhadra,5
233,Others,Nepal Doorsanchar Company Limited,NTC,0.27,20510.0,17575019.0,13.69,,True,35,5,35.0,2080/2081,Bhadra,5
884,Mutual Fund,RBB Mutual Fund 2,RMF2,3.96,1000000.0,7560000.0,,,True,35,5,35.0,2080/2081,Bhadra,5
194,Mutual Fund,NMB Hybrid Fund L-1,NMBHF1,-1.4,57671.0,641302.0,0.0,,True,35,5,35.0,2080/2081,Bhadra,5
189,Mutual Fund,Nabil Equity Fund,NEF,0.2,54866.0,527811.0,0.0,,True,35,5,35.0,2080/2081,Bhadra,5
11,Commercial Banks,Everest Bank Limited,EBL,0.03,13522.0,6206598.0,20.71,,True,35,6,35.0,2080/2081,Ashwin,6
922,Commercial Banks,Laxmi Sunrise Bank Limited,LSL,1.3,84200.0,15240200.0,9.96,,True,35,6,35.0,2080/2081,Ashwin,6
37,Commercial Banks,Nepal SBI Bank Limited,SBI,1.63,6980.0,2114940.0,22.89,,True,35,6,35.0,2080/2081,Ashwin,6
13,Commercial Banks,Global IME Bank Limited,GBIME,0.68,104125.0,21033250.0,10.08,,True,35,6,35.0,2080/2081,Ashwin,6
40,Commercial Banks,NMB Bank Limited,NMB,1.06,33315.0,6946178.0,6.93,,True,35,6,35.0,2080/2081,Ashwin,6
50,Commercial Banks,Standard Chartered Bank Limited,SCB,0.49,22499.0,11613984.0,39.11,,True,35,6,35.0,2080/2081,Ashwin,6
46,Commercial Banks,Sanima Bank Limited,SANIMA,0.91,9288.0,2191039.0,8.99,,True,35,6,35.0,2080/2081,Ashwin,6
62,Development Banks,Garima Bikas Bank Limited,GBBL,0.48,8588.0,3134620.0,0.0,,True,35,6,35.0,2080/2081,Ashwin,6
100,Development Banks,Shine Resunga Development Bank Ltd.,SHINE,-0.22,5671.0,2030218.0,0.0,,True,35,6,35.0,2080/2081,Ashwin,6
84,Development Banks,Muktinath Bikas Bank Ltd.,MNBBL,0.21,3929.0,1462767.0,0.0,,True,35,6,35.0,2080/2081,Ashwin,6
578,Hydro Power,Shiva Shree Hydropower Limited,SSHL,2.54,27500.0,3850000.0,0.0,,True,35,6,35.0,2080/2081,Ashwin,6
856,Hydro Power,Makar Jitumaya Suri Hydropower Limited,MAKAR,1.94,15468.0,3501955.0,0.0,,True,35,6,35.0,2080/2081,Ashwin,6
152,Hydro Power,Api Power Company Ltd.,API,0.79,79841.0,13748620.0,-36.04,,True,35,6,35.0,2080/2081,Ashwin,6
832,Hydro Power,Peoples Hydropower Company Limited,PHCL,0.06,10106.0,2425440.0,17.43,,True,35,6,35.0,2080/2081,Ashwin,6
760,Hydro Power,Sahas Urja Ltd.,SAHAS,0.76,26420.0,11069980.0,0.0,,True,35,6,35.0,2080/2081,Ashwin,6
210,Non Life Insurance,Neco Insurance Co. Ltd.,NIL,0.99,7255.0,5847530.0,0.0,,True,35,6,35.0,2080/2081,Ashwin,6
919,Non Life Insurance,United Ajod Insurance Limited,UAIL,0.25,69522.0,35185084.0,4.51,,True,35,6,35.0,2080/2081,Ashwin,6
873,Non Life Insurance,Sagarmatha Lumbini Insurance Company Limited,SALICO,0.68,46475.0,30487600.0,10.72,,True,35,6,35.0,2080/2081,Ashwin,6
876,Non Life Insurance,Siddhartha Premier Insurance Company Limited,SPIL,1.26,20698.0,14695580.0,51.62,,True,35,6,35.0,2080/2081,Ashwin,6
249,Life Insurance,National Life Insurance Co. Ltd.,NLICL,0.2,32868.0,17452908.0,3.3,,True,35,6,35.0,2080/2081,Ashwin,6
243,Life Insurance,Asian Life Insurance Co. Limited,ALICL,-0.53,29138.0,18269526.0,0.0,,True,35,6,35.0,2080/2081,Ashwin,6
247,Life Insurance,Life Insurance Corporation (Nepal) Limited,LICN,-0.72,5811.0,7657736.0,0.0,,True,35,6,35.0,2080/2081,Ashwin,6
251,Life Insurance,Nepal Life Insurance Co. Ltd.,NLIC,0.1,15449.0,9885815.0,27.6,,True,35,6,35.0,2080/2081,Ashwin,6
236,Manufacturing and Processing,Bottlers Nepal (Terai) Limited,BNT,-1.77,310.0,4014810.0,19.23,,True,35,6,35.0,2080/2081,Ashwin,6
242,Manufacturing and Processing,Unilever Nepal Limited,UNL,0.92,200.0,7200000.0,0.0,,True,35,6,35.0,2080/2081,Ashwin,6
233,Others,Nepal Doorsanchar Company Limited,NTC,0.27,20510.0,17066371.0,0.0,,True,35,6,35.0,2080/2081,Ashwin,6
884,Mutual Fund,RBB Mutual Fund 2,RMF2,3.96,1000000.0,7690000.0,0.0,,True,35,6,35.0,2080/2081,Ashwin,6
881,Mutual Fund,Prabhu Smart Fund,PRSF,0.39,122500.0,927325.0,,,True,35,6,35.0,2080/2081,Ashwin,6
194,Mutual Fund,NMB Hybrid Fund L-1,NMBHF1,-1.4,57671.0,568636.0,0.0,,True,35,6,35.0,2080/2081,Ashwin,6
189,Mutual Fund,Nabil Equity Fund,NEF,0.2,54866.0,534395.0,0.0,,True,35,6,35.0,2080/2081,Ashwin,6
11,Commercial Banks,Everest Bank Limited,EBL,0.03,13522.0,6245812.0,0.0,,True,35,7,35.0,2080/2081,Kartik,7
922,Commercial Banks,Laxmi Sunrise Bank Limited,LSL,1.3,84200.0,14810780.0,0.0,,True,35,7,35.0,2080/2081,Kartik,7
37,Commercial Banks,Nepal SBI Bank Limited,SBI,1.63,6980.0,2011636.0,0.0,,True,35,7,35.0,2080/2081,Kartik,7
13,Commercial Banks,Global IME Bank Limited,GBIME,0.68,109451.0,22765808.0,5.12,,True,35,7,35.0,2080/2081,Kartik,7
40,Commercial Banks,NMB Bank Limited,NMB,1.06,12000.0,2461200.0,-63.98,,True,35,7,35.0,2080/2081,Kartik,7
50,Commercial Banks,Standard Chartered Bank Limited,SCB,0.49,25153.0,13162565.0,11.8,,True,35,7,35.0,2080/2081,Kartik,7
46,Commercial Banks,Sanima Bank Limited,SANIMA,0.91,9288.0,2187324.0,0.0,,True,35,7,35.0,2080/2081,Kartik,7
62,Development Banks,Garima Bikas Bank Limited,GBBL,0.48,8588.0,3108856.0,0.0,,True,35,7,35.0,2080/2081,Kartik,7
100,Development Banks,Shine Resunga Development Bank Ltd.,SHINE,-0.22,5671.0,2059707.0,0.0,,True,35,7,35.0,2080/2081,Kartik,7
84,Development Banks,Muktinath Bikas Bank Ltd.,MNBBL,0.21,3929.0,1481626.0,0.0,,True,35,7,35.0,2080/2081,Kartik,7
578,Hydro Power,Shiva Shree Hydropower Limited,SSHL,2.54,14104.0,1960456.0,-48.71,,True,35,7,35.0,2080/2081,Kartik,7
856,Hydro Power,Makar Jitumaya Suri Hydropower Limited,MAKAR,1.94,15468.0,3433896.0,0.0,,True,35,7,35.0,2080/2081,Kartik,7
152,Hydro Power,Api Power Company Ltd.,API,0.79,88133.0,14806344.0,10.39,,True,35,7,35.0,2080/2081,Kartik,7
832,Hydro Power,Peoples Hydropower Company Limited,PHCL,0.06,10106.0,2465864.0,0.0,,True,35,7,35.0,2080/2081,Kartik,7
760,Hydro Power,Sahas Urja Ltd.,SAHAS,0.76,17229.0,7115577.0,-34.79,,True,35,7,35.0,2080/2081,Kartik,7
210,Non Life Insurance,Neco Insurance Co. Ltd.,NIL,0.99,7255.0,5796745.0,0.0,,True,35,7,35.0,2080/2081,Kartik,7
919,Non Life Insurance,United Ajod Insurance Limited,UAIL,0.25,69522.0,34065780.0,0.0,,True,35,7,35.0,2080/2081,Kartik,7
873,Non Life Insurance,Sagarmatha Lumbini Insurance Company Limited,SALICO,0.68,47873.0,31117450.0,3.01,,True,35,7,35.0,2080/2081,Kartik,7
876,Non Life Insurance,Siddhartha Premier Insurance Company Limited,SPIL,1.26,22189.0,15554489.0,7.2,,True,35,7,35.0,2080/2081,Kartik,7
249,Life Insurance,National Life Insurance Co. Ltd.,NLICL,0.2,32868.0,17748720.0,0.0,,True,35,7,35.0,2080/2081,Kartik,7
243,Life Insurance,Asian Life Insurance Co. Limited,ALICL,-0.53,28138.0,16657696.0,-3.43,,True,35,7,35.0,2080/2081,Kartik,7
247,Life Insurance,Life Insurance Corporation (Nepal) Limited,LICN,-0.72,5811.0,7641465.0,0.0,,True,35,7,35.0,2080/2081,Kartik,7
251,Life Insurance,Nepal Life Insurance Co. Ltd.,NLIC,0.1,15449.0,9963060.0,0.0,,True,35,7,35.0,2080/2081,Kartik,7
236,Manufacturing and Processing,Bottlers Nepal (Terai) Limited,BNT,-1.77,310.0,3937930.0,0.0,,True,35,7,35.0,2080/2081,Kartik,7
242,Manufacturing and Processing,Unilever Nepal Limited,UNL,0.92,270.0,10244880.0,35.0,,True,35,7,35.0,2080/2081,Kartik,7
233,Others,Nepal Doorsanchar Company Limited,NTC,0.27,11991.0,10173164.0,-41.54,,True,35,7,35.0,2080/2081,Kartik,7
884,Mutual Fund,RBB Mutual Fund 2,RMF2,3.96,1000000.0,7320000.0,0.0,,True,35,7,35.0,2080/2081,Kartik,7
881,Mutual Fund,Prabhu Smart Fund,PRSF,0.39,122500.0,938350.0,0.0,,True,35,7,35.0,2080/2081,Kartik,7
194,Mutual Fund,NMB Hybrid Fund L-1,NMBHF1,-1.4,57671.0,568636.0,0.0,,True,35,7,35.0,2080/2081,Kartik,7
189,Mutual Fund,Nabil Equity Fund,NEF,0.2,54866.0,543173.0,0.0,,True,35,7,35.0,2080/2081,Kartik,7
11,Commercial Banks,Everest Bank Limited,EBL,0.03,15022.0,7856506.0,11.09,,True,35,8,35.0,2080/2081,Mangsir,8
922,Commercial Banks,Laxmi Sunrise Bank Limited,LSL,1.3,84702.0,16347486.0,0.6,,True,35,8,35.0,2080/2081,Mangsir,8
37,Commercial Banks,Nepal SBI Bank Limited,SBI,1.63,7241.0,2331602.0,3.74,,True,35,8,35.0,2080/2081,Mangsir,8
13,Commercial Banks,Global IME Bank Limited,GBIME,0.68,113545.0,22538683.0,3.74,,True,35,8,35.0,2080/2081,Mangsir,8
40,Commercial Banks,NMB Bank Limited,NMB,1.06,23000.0,4788600.0,91.67,,True,35,8,35.0,2080/2081,Mangsir,8
50,Commercial Banks,Standard Chartered Bank Limited,SCB,0.49,26128.0,13795584.0,3.88,,True,35,8,35.0,2080/2081,Mangsir,8
46,Commercial Banks,Sanima Bank Limited,SANIMA,0.91,14288.0,3643440.0,53.83,,True,35,8,35.0,2080/2081,Mangsir,8
100,Development Banks,Shine Resunga Development Bank Ltd.,SHINE,-0.22,6266.0,2424942.0,10.49,,True,35,8,35.0,2080/2081,Mangsir,8
578,Hydro Power,Shiva Shree Hydropower Limited,SSHL,2.54,14104.0,2172016.0,0.0,,True,35,8,35.0,2080/2081,Mangsir,8
856,Hydro Power,Makar Jitumaya Suri Hydropower Limited,MAKAR,1.94,15468.0,4317119.0,0.0,,True,35,8,35.0,2080/2081,Mangsir,8
152,Hydro Power,Api Power Company Ltd.,API,0.79,88133.0,15467342.0,0.0,,True,35,8,35.0,2080/2081,Mangsir,8
153,Hydro Power,Arun Kabeli Power Ltd.,AKPL,1.52,40000.0,7288000.0,,,True,35,8,35.0,2080/2081,Mangsir,8
903,Hydro Power,Mathillo Mailun Khola Jalvidhyut Limited,MMKJL,-0.6,2019.0,662232.0,,,True,35,8,35.0,2080/2081,Mangsir,8
832,Hydro Power,Peoples Hydropower Company Limited,PHCL,0.06,10106.0,2721546.0,0.0,,True,35,8,35.0,2080/2081,Mangsir,8
760,Hydro Power,Sahas Urja Ltd.,SAHAS,0.76,20249.0,9922010.0,17.53,,True,35,8,35.0,2080/2081,Mangsir,8
210,Non Life Insurance,Neco Insurance Co. Ltd.,NIL,0.99,8200.0,6896200.0,13.03,,True,35,8,35.0,2080/2081,Mangsir,8
919,Non Life Insurance,United Ajod Insurance Limited,UAIL,0.25,65900.0,39612490.0,-5.21,,True,35,8,35.0,2080/2081,Mangsir,8
873,Non Life Insurance,Sagarmatha Lumbini Insurance Company Limited,SALICO,0.68,47873.0,34516433.0,0.0,,True,35,8,35.0,2080/2081,Mangsir,8
876,Non Life Insurance,Siddhartha Premier Insurance Company Limited,SPIL,1.26,22189.0,16526367.0,0.0,,True,35,8,35.0,2080/2081,Mangsir,8
249,Life Insurance,National Life Insurance Co. Ltd.,NLICL,0.2,36671.0,22552665.0,11.57,,True,35,8,35.0,2080/2081,Mangsir,8
243,Life Insurance,Asian Life Insurance Co. Limited,ALICL,-0.53,28138.0,19021288.0,0.0,,True,35,8,35.0,2080/2081,Mangsir,8
247,Life Insurance,Life Insurance Corporation (Nepal) Limited,LICN,-0.72,5811.0,8367840.0,0.0,,True,35,8,35.0,2080/2081,Mangsir,8
251,Life Insurance,Nepal Life Insurance Co. Ltd.,NLIC,0.1,18322.0,12532248.0,18.6,,True,35,8,35.0,2080/2081,Mangsir,8
236,Manufacturing and Processing,Bottlers Nepal (Terai) Limited,BNT,-1.77,180.0,2239758.0,-41.94,,True,35,8,35.0,2080/2081,Mangsir,8
242,Manufacturing and Processing,Unilever Nepal Limited,UNL,0.92,416.0,15890784.0,54.07,,True,35,8,35.0,2080/2081,Mangsir,8
233,Others,Nepal Doorsanchar Company Limited,NTC,0.27,7841.0,7064741.0,-34.61,,True,35,8,35.0,2080/2081,Mangsir,8
888,Others,Muktinath Krishi Company Ltd.,MKCL,0.86,1750.0,344050.0,,,True,35,8,35.0,2080/2081,Mangsir,8
884,Mutual Fund,RBB Mutual Fund 2,RMF2,3.96,1000000.0,8100000.0,0.0,,True,35,8,35.0,2080/2081,Mangsir,8
881,Mutual Fund,Prabhu Smart Fund,PRSF,0.39,122500.0,1000825.0,0.0,,True,35,8,35.0,2080/2081,Mangsir,8
194,Mutual Fund,NMB Hybrid Fund L-1,NMBHF1,-1.4,57671.0,568636.0,0.0,,True,35,8,35.0,2080/2081,Mangsir,8
189,Mutual Fund,Nabil Equity Fund,NEF,0.2,54866.0,543173.0,0.0,,True,35,8,35.0,2080/2081,Mangsir,8
11,Commercial Banks,Everest Bank Limited,EBL,0.03,16017.0,8392908.0,6.62,,True,35,9,35.0,2080/2081,Poush,9
922,Commercial Banks,Laxmi Sunrise Bank Limited,LSL,1.3,88491.0,15406283.0,4.47,,True,35,9,35.0,2080/2081,Poush,9
37,Commercial Banks,Nepal SBI Bank Limited,SBI,1.63,6241.0,1934710.0,-13.81,,True,35,9,35.0,2080/2081,Poush,9
13,Commercial Banks,Global IME Bank Limited,GBIME,0.68,117832.0,24155560.0,3.78,,True,35,9,35.0,2080/2081,Poush,9
40,Commercial Banks,NMB Bank Limited,NMB,1.06,27000.0,5440500.0,17.39,,True,35,9,35.0,2080/2081,Poush,9
50,Commercial Banks,Standard Chartered Bank Limited,SCB,0.49,26128.0,13743328.0,0.0,,True,35,9,35.0,2080/2081,Poush,9
46,Commercial Banks,Sanima Bank Limited,SANIMA,0.91,16288.0,4202304.0,14.0,,True,35,9,35.0,2080/2081,Poush,9
62,Development Banks,Garima Bikas Bank Limited,GBBL,0.48,11285.0,4356010.0,,,True,35,9,35.0,2080/2081,Poush,9
100,Development Banks,Shine Resunga Development Bank Ltd.,SHINE,-0.22,9866.0,3926668.0,57.45,,True,35,9,35.0,2080/2081,Poush,9
578,Hydro Power,Shiva Shree Hydropower Limited,SSHL,2.54,14104.0,2468200.0,0.0,,True,35,9,35.0,2080/2081,Poush,9
856,Hydro Power,Makar Jitumaya Suri Hydropower Limited,MAKAR,1.94,18578.0,6660213.0,20.11,,True,35,9,35.0,2080/2081,Poush,9
152,Hydro Power,Api Power Company Ltd.,API,0.79,88133.0,17097802.0,0.0,,True,35,9,35.0,2080/2081,Poush,9
902,Hydro Power,Chirkhwa Hydro Power Ltd,CKHL,0.66,1000.0,582000.0,,,True,35,9,35.0,2080/2081,Poush,9
893,Hydro Power,Vision Lumbini Urja Company Limited,VLUCL,-0.3,2391.0,1391562.0,,,True,35,9,35.0,2080/2081,Poush,9
153,Hydro Power,Arun Kabeli Power Ltd.,AKPL,1.52,40000.0,7880000.0,0.0,,True,35,9,35.0,2080/2081,Poush,9
903,Hydro Power,Mathillo Mailun Khola Jalvidhyut Limited,MMKJL,-0.6,2019.0,890581.0,0.0,,True,35,9,35.0,2080/2081,Poush,9
832,Hydro Power,Peoples Hydropower Company Limited,PHCL,0.06,12106.0,4114829.0,19.79,,True,35,9,35.0,2080/2081,Poush,9
760,Hydro Power,Sahas Urja Ltd.,SAHAS,0.76,18444.0,10402416.0,-8.91,,True,35,9,35.0,2080/2081,Poush,9
210,Non Life Insurance,Neco Insurance Co. Ltd.,NIL,0.99,12404.0,10456572.0,51.27,,True,35,9,35.0,2080/2081,Poush,9
919,Non Life Insurance,United Ajod Insurance Limited,UAIL,0.25,61500.0,38991000.0,-6.68,,True,35,9,35.0,2080/2081,Poush,9
873,Non Life Insurance,Sagarmatha Lumbini Insurance Company Limited,SALICO,0.68,47873.0,34181322.0,0.0,,True,35,9,35.0,2080/2081,Poush,9
876,Non Life Insurance,Siddhartha Premier Insurance Company Limited,SPIL,1.26,22189.0,16730506.0,0.0,,True,35,9,35.0,2080/2081,Poush,9
249,Life Insurance,National Life Insurance Co. Ltd.,NLICL,0.2,36671.0,22108946.0,0.0,,True,35,9,35.0,2080/2081,Poush,9
243,Life Insurance,Asian Life Insurance Co. Limited,ALICL,-0.53,28138.0,19133840.0,0.0,,True,35,9,35.0,2080/2081,Poush,9
247,Life Insurance,Life Insurance Corporation (Nepal) Limited,LICN,-0.72,8811.0,12555675.0,51.63,,True,35,9,35.0,2080/2081,Poush,9
251,Life Insurance,Nepal Life Insurance Co. Ltd.,NLIC,0.1,14447.0,9462785.0,-21.15,,True,35,9,35.0,2080/2081,Poush,9
242,Manufacturing and Processing,Unilever Nepal Limited,UNL,0.92,416.0,16182400.0,0.0,,True,35,9,35.0,2080/2081,Poush,9
945,Others,Himalayan Re-Insurance Limited,HRL,0.22,37500.0,18667500.0,,,True,35,9,35.0,2080/2081,Poush,9
892,Others,Nepal Warehousing Company Ltd,NWCL,2.16,1719.0,1360245.0,,,True,35,9,35.0,2080/2081,Poush,9
888,Others,Muktinath Krishi Company Ltd.,MKCL,0.86,1750.0,1908550.0,0.0,,True,35,9,35.0,2080/2081,Poush,9
884,Mutual Fund,RBB Mutual Fund 2,RMF2,3.96,1000000.0,8590000.0,0.0,,True,35,9,35.0,2080/2081,Poush,9
881,Mutual Fund,Prabhu Smart Fund,PRSF,0.39,122500.0,1163750.0,0.0,,True,35,9,35.0,2080/2081,Poush,9
949,Mutual Fund,NIC Asia Growth Fund-2,NICGF2,-0.92,3000000.0,30000000.0,,,True,35,9,35.0,2080/2081,Poush,9
935,Mutual Fund,Himalayan 80-20,H8020,-1.32,50000.0,500000.0,,,True,35,9,35.0,2080/2081,Poush,9
194,Mutual Fund,NMB Hybrid Fund L-1,NMBHF1,-1.4,57671.0,568636.0,0.0,,True,35,9,35.0,2080/2081,Poush,9
189,Mutual Fund,Nabil Equity Fund,NEF,0.2,54866.0,543173.0,0.0,,True,35,9,35.0,2080/2081,Poush,9
11,Commercial Banks,Everest Bank Limited,EBL,0.03,18017.0,9458925.0,12.49,,True,35,10,35.0,2080/2081,Magh,10
922,Commercial Banks,Laxmi Sunrise Bank Limited,LSL,1.3,88491.0,14733752.0,0.0,,True,35,10,35.0,2080/2081,Magh,10
37,Commercial Banks,Nepal SBI Bank Limited,SBI,1.63,6241.0,1809890.0,0.0,,True,35,10,35.0,2080/2081,Magh,10
13,Commercial Banks,Global IME Bank Limited,GBIME,0.68,117832.0,22906541.0,0.0,,True,35,10,35.0,2080/2081,Magh,10
40,Commercial Banks,NMB Bank Limited,NMB,1.06,31525.0,6021275.0,16.76,,True,35,10,35.0,2080/2081,Magh,10
50,Commercial Banks,Standard Chartered Bank Limited,SCB,0.49,28971.0,15470514.0,10.88,,True,35,10,35.0,2080/2081,Magh,10
46,Commercial Banks,Sanima Bank Limited,SANIMA,0.91,21288.0,5322000.0,30.7,,True,35,10,35.0,2080/2081,Magh,10
62,Development Banks,Garima Bikas Bank Limited,GBBL,0.48,16285.0,6253440.0,44.31,,True,35,10,35.0,2080/2081,Magh,10
100,Development Banks,Shine Resunga Development Bank Ltd.,SHINE,-0.22,18866.0,7357740.0,91.22,,True,35,10,35.0,2080/2081,Magh,10
578,Hydro Power,Shiva Shree Hydropower Limited,SSHL,2.54,16104.0,3008227.0,14.18,,True,35,10,35.0,2080/2081,Magh,10
856,Hydro Power,Makar Jitumaya Suri Hydropower Limited,MAKAR,1.94,23508.0,9990900.0,26.54,,True,35,10,35.0,2080/2081,Magh,10
152,Hydro Power,Api Power Company Ltd.,API,0.79,88133.0,17802866.0,0.0,,True,35,10,35.0,2080/2081,Magh,10
902,Hydro Power,Chirkhwa Hydro Power Ltd,CKHL,0.66,1000.0,572600.0,0.0,,True,35,10,35.0,2080/2081,Magh,10
893,Hydro Power,Vision Lumbini Urja Company Limited,VLUCL,-0.3,2391.0,1353306.0,0.0,,True,35,10,35.0,2080/2081,Magh,10
153,Hydro Power,Arun Kabeli Power Ltd.,AKPL,1.52,42000.0,8274000.0,5.0,,True,35,10,35.0,2080/2081,Magh,10
575,Hydro Power,Liberty Energy Company Limited,LEC,2.64,5000.0,1080000.0,,,True,35,10,35.0,2080/2081,Magh,10
903,Hydro Power,Mathillo Mailun Khola Jalvidhyut Limited,MMKJL,-0.6,2019.0,888158.0,0.0,,True,35,10,35.0,2080/2081,Magh,10
832,Hydro Power,Peoples Hydropower Company Limited,PHCL,0.06,16106.0,5298874.0,33.04,,True,35,10,35.0,2080/2081,Magh,10
760,Hydro Power,Sahas Urja Ltd.,SAHAS,0.76,22164.0,12970373.0,20.17,,True,35,10,35.0,2080/2081,Magh,10
210,Non Life Insurance,Neco Insurance Co. Ltd.,NIL,0.99,18028.0,14896536.0,45.34,,True,35,10,35.0,2080/2081,Magh,10
919,Non Life Insurance,United Ajod Insurance Limited,UAIL,0.25,65810.0,37505119.0,7.01,,True,35,10,35.0,2080/2081,Magh,10
873,Non Life Insurance,Sagarmatha Lumbini Insurance Company Limited,SALICO,0.68,47873.0,33511100.0,0.0,,True,35,10,35.0,2080/2081,Magh,10
876,Non Life Insurance,Siddhartha Premier Insurance Company Limited,SPIL,1.26,25189.0,18639860.0,13.52,,True,35,10,35.0,2080/2081,Magh,10
249,Life Insurance,National Life Insurance Co. Ltd.,NLICL,0.2,36671.0,21635890.0,0.0,,True,35,10,35.0,2080/2081,Magh,10
243,Life Insurance,Asian Life Insurance Co. Limited,ALICL,-0.53,24138.0,16703496.0,-14.22,,True,35,10,35.0,2080/2081,Magh,10
247,Life Insurance,Life Insurance Corporation (Nepal) Limited,LICN,-0.72,8811.0,12247290.0,0.0,,True,35,10,35.0,2080/2081,Magh,10
251,Life Insurance,Nepal Life Insurance Co. Ltd.,NLIC,0.1,14447.0,9101610.0,0.0,,True,35,10,35.0,2080/2081,Magh,10
242,Manufacturing and Processing,Unilever Nepal Limited,UNL,0.92,416.0,16806400.0,0.0,,True,35,10,35.0,2080/2081,Magh,10
945,Others,Himalayan Re-Insurance Limited,HRL,0.22,47495.0,32871290.0,26.65,,True,35,10,35.0,2080/2081,Magh,10
892,Others,Nepal Warehousing Company Ltd,NWCL,2.16,1719.0,1332225.0,0.0,,True,35,10,35.0,2080/2081,Magh,10
888,Others,Muktinath Krishi Company Ltd.,MKCL,0.86,1750.0,1732500.0,0.0,,True,35,10,35.0,2080/2081,Magh,10
884,Mutual Fund,RBB Mutual Fund 2,RMF2,3.96,1000000.0,8230000.0,0.0,,True,35,10,35.0,2080/2081,Magh,10
881,Mutual Fund,Prabhu Smart Fund,PRSF,0.39,122500.0,1041250.0,0.0,,True,35,10,35.0,2080/2081,Magh,10
949,Mutual Fund,NIC Asia Growth Fund-2,NICGF2,-0.92,3000000.0,24600000.0,0.0,,True,35,10,35.0,2080/2081,Magh,10
935,Mutual Fund,Himalayan 80-20,H8020,-1.32,50000.0,435000.0,0.0,,True,35,10,35.0,2080/2081,Magh,10
11,Commercial Banks,Everest Bank Limited,EBL,0.03,27009.0,14098698.0,49.91,,True,35,11,35.0,2080/2081,Falgun,11
922,Commercial Banks,Laxmi Sunrise Bank Limited,LSL,1.3,110491.0,18363604.0,24.86,,True,35,11,35.0,2080/2081,Falgun,11
37,Commercial Banks,Nepal SBI Bank Limited,SBI,1.63,12830.0,3854132.0,105.58,,True,35,11,35.0,2080/2081,Falgun,11
13,Commercial Banks,Global IME Bank Limited,GBIME,0.68,117832.0,22859408.0,0.0,,True,35,11,35.0,2080/2081,Falgun,11
40,Commercial Banks,NMB Bank Limited,NMB,1.06,51876.0,10162508.0,64.56,,True,35,11,35.0,2080/2081,Falgun,11
50,Commercial Banks,Standard Chartered Bank Limited,SCB,0.49,38175.0,20461800.0,31.77,,True,35,11,35.0,2080/2081,Falgun,11
46,Commercial Banks,Sanima Bank Limited,SANIMA,0.91,31288.0,7803227.0,46.97,,True,35,11,35.0,2080/2081,Falgun,11
62,Development Banks,Garima Bikas Bank Limited,GBBL,0.48,31285.0,11766289.0,92.11,,True,35,11,35.0,2080/2081,Falgun,11
100,Development Banks,Shine Resunga Development Bank Ltd.,SHINE,-0.22,30866.0,11883410.0,63.61,,True,35,11,35.0,2080/2081,Falgun,11
578,Hydro Power,Shiva Shree Hydropower Limited,SSHL,2.54,16104.0,2785992.0,0.0,,True,35,11,35.0,2080/2081,Falgun,11
160,Hydro Power,Ghalemdi Hydro Limited,GHL,2.11,49770.0,8187165.0,,,True,35,11,35.0,2080/2081,Falgun,11
856,Hydro Power,Makar Jitumaya Suri Hydropower Limited,MAKAR,1.94,20000.0,7996000.0,-14.92,,True,35,11,35.0,2080/2081,Falgun,11
152,Hydro Power,Api Power Company Ltd.,API,0.79,88133.0,16842216.0,0.0,,True,35,11,35.0,2080/2081,Falgun,11
902,Hydro Power,Chirkhwa Hydro Power Ltd,CKHL,0.66,1000.0,611900.0,0.0,,True,35,11,35.0,2080/2081,Falgun,11
893,Hydro Power,Vision Lumbini Urja Company Limited,VLUCL,-0.3,2391.0,1300704.0,0.0,,True,35,11,35.0,2080/2081,Falgun,11
153,Hydro Power,Arun Kabeli Power Ltd.,AKPL,1.52,42000.0,7904400.0,0.0,,True,35,11,35.0,2080/2081,Falgun,11
903,Hydro Power,Mathillo Mailun Khola Jalvidhyut Limited,MMKJL,-0.6,2019.0,857066.0,0.0,,True,35,11,35.0,2080/2081,Falgun,11
832,Hydro Power,Peoples Hydropower Company Limited,PHCL,0.06,26106.0,8693298.0,62.09,,True,35,11,35.0,2080/2081,Falgun,11
760,Hydro Power,Sahas Urja Ltd.,SAHAS,0.76,21216.0,11643341.0,-4.28,,True,35,11,35.0,2080/2081,Falgun,11
210,Non Life Insurance,Neco Insurance Co. Ltd.,NIL,0.99,22304.0,18730899.0,23.72,,True,35,11,35.0,2080/2081,Falgun,11
919,Non Life Insurance,United Ajod Insurance Limited,UAIL,0.25,68767.0,39004642.0,4.49,,True,35,11,35.0,2080/2081,Falgun,11
873,Non Life Insurance,Sagarmatha Lumbini Insurance Company Limited,SALICO,0.68,47873.0,33659506.0,0.0,,True,35,11,35.0,2080/2081,Falgun,11
876,Non Life Insurance,Siddhartha Premier Insurance Company Limited,SPIL,1.26,25189.0,19546664.0,0.0,,True,35,11,35.0,2080/2081,Falgun,11
249,Life Insurance,National Life Insurance Co. Ltd.,NLICL,0.2,40671.0,23751864.0,10.91,,True,35,11,35.0,2080/2081,Falgun,11
243,Life Insurance,Asian Life Insurance Co. Limited,ALICL,-0.53,26008.0,15604800.0,7.75,,True,35,11,35.0,2080/2081,Falgun,11
247,Life Insurance,Life Insurance Corporation (Nepal) Limited,LICN,-0.72,8811.0,12661407.0,0.0,,True,35,11,35.0,2080/2081,Falgun,11
251,Life Insurance,Nepal Life Insurance Co. Ltd.,NLIC,0.1,14447.0,9043822.0,0.0,,True,35,11,35.0,2080/2081,Falgun,11
242,Manufacturing and Processing,Unilever Nepal Limited,UNL,0.92,416.0,16640000.0,0.0,,True,35,11,35.0,2080/2081,Falgun,11
236,Manufacturing and Processing,Bottlers Nepal (Terai) Limited,BNT,-1.77,100.0,1419800.0,,,True,35,11,35.0,2080/2081,Falgun,11
945,Others,Himalayan Re-Insurance Limited,HRL,0.22,44899.0,28825158.0,-5.47,,True,35,11,35.0,2080/2081,Falgun,11
892,Others,Nepal Warehousing Company Ltd,NWCL,2.16,1719.0,1328787.0,0.0,,True,35,11,35.0,2080/2081,Falgun,11
888,Others,Muktinath Krishi Company Ltd.,MKCL,0.86,1750.0,1706250.0,0.0,,True,35,11,35.0,2080/2081,Falgun,11
231,Investment,Citizen Investment Trust,CIT,0.03,1590.0,3454275.0,,,True,35,11,35.0,2080/2081,Falgun,11
884,Mutual Fund,RBB Mutual Fund 2,RMF2,3.96,1000000.0,8670000.0,0.0,,True,35,11,35.0,2080/2081,Falgun,11
949,Mutual Fund,NIC Asia Growth Fund-2,NICGF2,-0.92,3000000.0,24900000.0,0.0,,True,35,11,35.0,2080/2081,Falgun,11
11,Commercial Banks,Everest Bank Limited,EBL,0.03,37334.0,18853670.0,38.23,,True,35,12,35.0,2080/2081,Chaitra,12
922,Commercial Banks,Laxmi Sunrise Bank Limited,LSL,1.3,110491.0,16816730.0,0.0,,True,35,12,35.0,2080/2081,Chaitra,12
37,Commercial Banks,Nepal SBI Bank Limited,SBI,1.63,15830.0,4503635.0,23.38,,True,35,12,35.0,2080/2081,Chaitra,12
13,Commercial Banks,Global IME Bank Limited,GBIME,0.68,117832.0,21445424.0,0.0,,True,35,12,35.0,2080/2081,Chaitra,12
40,Commercial Banks,NMB Bank Limited,NMB,1.06,63338.0,11217160.0,22.09,,True,35,12,35.0,2080/2081,Chaitra,12
50,Commercial Banks,Standard Chartered Bank Limited,SCB,0.49,40175.0,21087858.0,5.24,,True,35,12,35.0,2080/2081,Chaitra,12
46,Commercial Banks,Sanima Bank Limited,SANIMA,0.91,39154.0,9314737.0,25.14,,True,35,12,35.0,2080/2081,Chaitra,12
62,Development Banks,Garima Bikas Bank Limited,GBBL,0.48,35835.0,13258950.0,14.54,,True,35,12,35.0,2080/2081,Chaitra,12
100,Development Banks,Shine Resunga Development Bank Ltd.,SHINE,-0.22,38153.0,14078457.0,23.61,,True,35,12,35.0,2080/2081,Chaitra,12
611,Hydro Power,Mountain Energy Nepal Limited,MEN,-0.33,9400.0,4841000.0,,,True,35,12,35.0,2080/2081,Chaitra,12
160,Hydro Power,Ghalemdi Hydro Limited,GHL,2.11,49770.0,7619787.0,0.0,,True,35,12,35.0,2080/2081,Chaitra,12
856,Hydro Power,Makar Jitumaya Suri Hydropower Limited,MAKAR,1.94,12997.0,5172806.0,-35.02,,True,35,12,35.0,2080/2081,Chaitra,12
152,Hydro Power,Api Power Company Ltd.,API,0.79,88133.0,15511408.0,0.0,,True,35,12,35.0,2080/2081,Chaitra,12
902,Hydro Power,Chirkhwa Hydro Power Ltd,CKHL,0.66,1000.0,541100.0,0.0,,True,35,12,35.0,2080/2081,Chaitra,12
893,Hydro Power,Vision Lumbini Urja Company Limited,VLUCL,-0.3,2391.0,1212237.0,0.0,,True,35,12,35.0,2080/2081,Chaitra,12
153,Hydro Power,Arun Kabeli Power Ltd.,AKPL,1.52,37000.0,6438000.0,-11.9,,True,35,12,35.0,2080/2081,Chaitra,12
903,Hydro Power,Mathillo Mailun Khola Jalvidhyut Limited,MMKJL,-0.6,2019.0,827790.0,0.0,,True,35,12,35.0,2080/2081,Chaitra,12
832,Hydro Power,Peoples Hydropower Company Limited,PHCL,0.06,26106.0,8145072.0,0.0,,True,35,12,35.0,2080/2081,Chaitra,12
760,Hydro Power,Sahas Urja Ltd.,SAHAS,0.76,23886.0,12396834.0,12.58,,True,35,12,35.0,2080/2081,Chaitra,12
210,Non Life Insurance,Neco Insurance Co. Ltd.,NIL,0.99,26053.0,21337407.0,16.81,,True,35,12,35.0,2080/2081,Chaitra,12
919,Non Life Insurance,United Ajod Insurance Limited,UAIL,0.25,68767.0,37134180.0,0.0,,True,35,12,35.0,2080/2081,Chaitra,12
873,Non Life Insurance,Sagarmatha Lumbini Insurance Company Limited,SALICO,0.68,47873.0,31644053.0,0.0,,True,35,12,35.0,2080/2081,Chaitra,12
876,Non Life Insurance,Siddhartha Premier Insurance Company Limited,SPIL,1.26,23804.0,17853000.0,-5.5,,True,35,12,35.0,2080/2081,Chaitra,12
249,Life Insurance,National Life Insurance Co. Ltd.,NLICL,0.2,42963.0,24360021.0,5.64,,True,35,12,35.0,2080/2081,Chaitra,12
243,Life Insurance,Asian Life Insurance Co. Limited,ALICL,-0.53,26008.0,14572282.0,0.0,,True,35,12,35.0,2080/2081,Chaitra,12
247,Life Insurance,Life Insurance Corporation (Nepal) Limited,LICN,-0.72,8811.0,11912472.0,0.0,,True,35,12,35.0,2080/2081,Chaitra,12
251,Life Insurance,Nepal Life Insurance Co. Ltd.,NLIC,0.1,14447.0,8624859.0,0.0,,True,35,12,35.0,2080/2081,Chaitra,12
242,Manufacturing and Processing,Unilever Nepal Limited,UNL,0.92,516.0,20872200.0,24.04,,True,35,12,35.0,2080/2081,Chaitra,12
674,Manufacturing and Processing,Sarbottam Cement Limited,SARBTM,0.23,4498.0,3809806.0,,,True,35,12,35.0,2080/2081,Chaitra,12
945,Others,Himalayan Re-Insurance Limited,HRL,0.22,39399.0,24041270.0,-12.25,,True,35,12,35.0,2080/2081,Chaitra,12
892,Others,Nepal Warehousing Company Ltd,NWCL,2.16,1719.0,1289250.0,0.0,,True,35,12,35.0,2080/2081,Chaitra,12
888,Others,Muktinath Krishi Company Ltd.,MKCL,0.86,1750.0,1624000.0,0.0,,True,35,12,35.0,2080/2081,Chaitra,12
128,Finance,Manjushree Finance Ltd.,MFIL,-0.37,10041.0,5070705.0,,,True,35,12,35.0,2080/2081,Chaitra,12
150,Hotels and Tourism,Taragaon Regency Hotel Limited,TRH,0.35,6798.0,5166480.0,,,True,35,12,35.0,2080/2081,Chaitra,12
284,Microfinance,Gurans Laghubitta Bittiya Sanstha Limited,GLBSL,1.01,1980.0,4633200.0,,,True,35,12,35.0,2080/2081,Chaitra,12
884,Mutual Fund,RBB Mutual Fund 2,RMF2,3.96,1000000.0,8210000.0,0.0,,True,35,12,35.0,2080/2081,Chaitra,12
949,Mutual Fund,NIC Asia Growth Fund-2,NICGF2,-0.92,3000000.0,23430000.0,0.0,,True,35,12,35.0,2080/2081,Chaitra,12
13,Commercial Banks,Global IME Bank Limited,GBIME,0.68,53326.0,11500285.0,,,True,36,1,36.0,2081/2082,Baisakh,1
50,Commercial Banks,Standard Chartered Bank Limited,SCB,0.49,40000.0,24085600.0,14.29,,True,36,1,36.0,2081/2082,Baisakh,1
27,Commercial Banks,Nabil Bank Limited,NABIL,0.4,25000.0,12096250.0,0.0,,True,36,1,36.0,2081/2082,Baisakh,1
46,Commercial Banks,Sanima Bank Limited,SANIMA,0.91,150000.0,45825000.0,0.0,,True,36,1,36.0,2081/2082,Baisakh,1
62,Development Banks,Garima Bikas Bank Limited,GBBL,0.48,30000.0,12039900.0,0.0,,True,36,1,36.0,2081/2082,Baisakh,1
70,Development Banks,Kamana Sewa Bikas Bank Limited,KSBBL,-0.39,41095.0,18612747.0,0.0,,True,36,1,36.0,2081/2082,Baisakh,1
611,Hydro Power,Mountain Energy Nepal Limited,MEN,-0.33,30000.0,16884000.0,26.12,,True,36,1,36.0,2081/2082,Baisakh,1
176,Hydro Power,Sanima Mai Hydropower Ltd.,SHPC,0.13,25000.0,14279000.0,-42.31,,True,36,1,36.0,2081/2082,Baisakh,1
158,Hydro Power,Chilime Hydropower Company Limited,CHCL,0.63,26198.0,12627960.0,0.0,,True,36,1,36.0,2081/2082,Baisakh,1
853,Hydro Power,Sanima Middle Tamor Hydropower,TAMOR,1.34,32246.0,16356139.0,8.4,,True,36,1,36.0,2081/2082,Baisakh,1
856,Hydro Power,Makar Jitumaya Suri Hydropower Limited,MAKAR,1.94,14500.0,9579715.0,61.11,,True,36,1,36.0,2081/2082,Baisakh,1
180,Hydro Power,United Modi Hydropower Ltd.,UMHL,-0.35,64000.0,32111360.0,,,True,36,1,36.0,2081/2082,Baisakh,1
152,Hydro Power,Api Power Company Ltd.,API,0.79,65000.0,19224400.0,-6.26,,True,36,1,36.0,2081/2082,Baisakh,1
788,Hydro Power,River Falls Power Limited,RFPL,1.13,5650.0,2897207.0,0.0,,True,36,1,36.0,2081/2082,Baisakh,1
760,Hydro Power,Sahas Urja Ltd.,SAHAS,0.76,65000.0,33302100.0,0.0,,True,36,1,36.0,2081/2082,Baisakh,1
826,Non Life Insurance,Himalayan Everest Insurance Limited,HEI,0.77,43000.0,24389170.0,0.0,,True,36,1,36.0,2081/2082,Baisakh,1
1052,Non Life Insurance,Nepal Micro Insurance Company Limited,NMIC,-1.44,2461.0,5121390.0,0.0,,True,36,1,36.0,2081/2082,Baisakh,1
873,Non Life Insurance,Sagarmatha Lumbini Insurance Company Limited,SALICO,0.68,63550.0,42738011.0,23.72,,True,36,1,36.0,2081/2082,Baisakh,1
876,Non Life Insurance,Siddhartha Premier Insurance Company Limited,SPIL,1.26,41417.0,33065676.0,0.0,,True,36,1,36.0,2081/2082,Baisakh,1
251,Life Insurance,Nepal Life Insurance Co. Ltd.,NLIC,0.1,83119.0,51723291.0,,,True,36,1,36.0,2081/2082,Baisakh,1
983,Life Insurance,Guardian Micro-Life Insurance Company Limited,GMLI,-0.32,2625.0,6951578.0,0.0,,True,36,1,36.0,2081/2082,Baisakh,1
1051,Life Insurance,Crest Micro Life Insurance Limited,CREST,14.81,2461.0,5084795.0,0.0,,True,36,1,36.0,2081/2082,Baisakh,1
846,Life Insurance,Suryajyoti Life Insurance Company Limited,SJLIC,-0.46,34717.0,15033155.0,0.0,,True,36,1,36.0,2081/2082,Baisakh,1
242,Manufacturing and Processing,Unilever Nepal Limited,UNL,0.92,185.0,8556250.0,0.0,,True,36,1,36.0,2081/2082,Baisakh,1
240,Manufacturing and Processing,Shivam Cement Ltd.,SHIVM,0.96,55000.0,28965750.0,12.02,,True,36,1,36.0,2081/2082,Baisakh,1
945,Others,Himalayan Re-Insurance Limited,HRL,0.22,18429.0,17736807.0,8.41,,True,36,1,36.0,2081/2082,Baisakh,1
1039,Manufacturing and Processing,Om Megashree Pharmaceuticals Limited,OMPL,1.72,1969.0,1138870.0,,,True,36,1,36.0,2081/2082,Baisakh,1
149,Hotels and Tourism,Soaltee Hotel Limited,SHL,0.22,33130.0,17534053.0,-26.38,,True,36,1,36.0,2081/2082,Baisakh,1
265,Microfinance,Chhimek Laghubitta Bittiya Sanstha Limited,CBBL,0.22,40520.0,34343131.0,9.87,,True,36,1,36.0,2081/2082,Baisakh,1
331,Microfinance,Samudayik Laghubitta Bittiya Sanstha Limited,SLBSL,-0.51,2064.0,3034204.0,0.0,,True,36,1,36.0,2081/2082,Baisakh,1
325,Microfinance,RSDC Laghubitta Bittiya Sanstha Ltd.,RSDC,0.57,8519.0,5494499.0,0.0,,True,36,1,36.0,2081/2082,Baisakh,1
954,Mutual Fund,NIBL Stable Fund,NIBLSTF,-0.21,1925336.0,16018796.0,0.0,,True,36,1,36.0,2081/2082,Baisakh,1
764,Mutual Fund,Mega Mutual Fund - 1,MMF1,1.16,999800.0,9388122.0,,,True,36,1,36.0,2081/2082,Baisakh,1
949,Mutual Fund,NIC Asia Growth Fund-2,NICGF2,-0.92,2736964.0,23318933.0,0.03,,True,36,1,36.0,2081/2082,Baisakh,1
13,Commercial Banks,Global IME Bank Limited,GBIME,0.68,20000.0,4779200.0,-62.49,,True,36,2,36.0,2081/2082,Jestha,2
50,Commercial Banks,Standard Chartered Bank Limited,SCB,0.49,41991.0,25590995.0,4.98,,True,36,2,36.0,2081/2082,Jestha,2
27,Commercial Banks,Nabil Bank Limited,NABIL,0.4,18500.0,9054640.0,-26.0,,True,36,2,36.0,2081/2082,Jestha,2
46,Commercial Banks,Sanima Bank Limited,SANIMA,0.91,140000.0,44255400.0,-6.67,,True,36,2,36.0,2081/2082,Jestha,2
62,Development Banks,Garima Bikas Bank Limited,GBBL,0.48,30000.0,11772600.0,0.0,,True,36,2,36.0,2081/2082,Jestha,2
70,Development Banks,Kamana Sewa Bikas Bank Limited,KSBBL,-0.39,37095.0,16644156.0,-9.73,,True,36,2,36.0,2081/2082,Jestha,2
611,Hydro Power,Mountain Energy Nepal Limited,MEN,-0.33,30000.0,18526800.0,0.0,,True,36,2,36.0,2081/2082,Jestha,2
176,Hydro Power,Sanima Mai Hydropower Ltd.,SHPC,0.13,15000.0,9537600.0,-40.0,,True,36,2,36.0,2081/2082,Jestha,2
853,Hydro Power,Sanima Middle Tamor Hydropower,TAMOR,1.34,32246.0,16874332.0,0.0,,True,36,2,36.0,2081/2082,Jestha,2
856,Hydro Power,Makar Jitumaya Suri Hydropower Limited,MAKAR,1.94,14500.0,9338870.0,0.0,,True,36,2,36.0,2081/2082,Jestha,2
180,Hydro Power,United Modi Hydropower Ltd.,UMHL,-0.35,72339.0,37797851.0,13.03,,True,36,2,36.0,2081/2082,Jestha,2
152,Hydro Power,Api Power Company Ltd.,API,0.79,40000.0,12475600.0,-38.46,,True,36,2,36.0,2081/2082,Jestha,2
788,Hydro Power,River Falls Power Limited,RFPL,1.13,14460.0,8961585.0,155.93,,True,36,2,36.0,2081/2082,Jestha,2
760,Hydro Power,Sahas Urja Ltd.,SAHAS,0.76,68321.0,38020637.0,5.11,,True,36,2,36.0,2081/2082,Jestha,2
826,Non Life Insurance,Himalayan Everest Insurance Limited,HEI,0.77,43000.0,24542250.0,0.0,,True,36,2,36.0,2081/2082,Jestha,2
1052,Non Life Insurance,Nepal Micro Insurance Company Limited,NMIC,-1.44,2461.0,4126802.0,0.0,,True,36,2,36.0,2081/2082,Jestha,2
873,Non Life Insurance,Sagarmatha Lumbini Insurance Company Limited,SALICO,0.68,63550.0,42828252.0,0.0,,True,36,2,36.0,2081/2082,Jestha,2
876,Non Life Insurance,Siddhartha Premier Insurance Company Limited,SPIL,1.26,41417.0,33356423.0,0.0,,True,36,2,36.0,2081/2082,Jestha,2
249,Life Insurance,National Life Insurance Co. Ltd.,NLICL,0.2,87274.0,51442787.0,,,True,36,2,36.0,2081/2082,Jestha,2
983,Life Insurance,Guardian Micro-Life Insurance Company Limited,GMLI,-0.32,2625.0,6106196.0,0.0,,True,36,2,36.0,2081/2082,Jestha,2
1051,Life Insurance,Crest Micro Life Insurance Limited,CREST,14.81,2461.0,3778176.0,0.0,,True,36,2,36.0,2081/2082,Jestha,2
846,Life Insurance,Suryajyoti Life Insurance Company Limited,SJLIC,-0.46,34717.0,15020657.0,0.0,,True,36,2,36.0,2081/2082,Jestha,2
242,Manufacturing and Processing,Unilever Nepal Limited,UNL,0.92,185.0,8658000.0,0.0,,True,36,2,36.0,2081/2082,Jestha,2
1039,Manufacturing and Processing,Om Megashree Pharmaceuticals Limited,OMPL,1.72,1969.0,2948656.0,0.0,,True,36,2,36.0,2081/2082,Jestha,2
240,Manufacturing and Processing,Shivam Cement Ltd.,SHIVM,0.96,55000.0,28328850.0,0.0,,True,36,2,36.0,2081/2082,Jestha,2
945,Others,Himalayan Re-Insurance Limited,HRL,0.22,22758.0,20882741.0,23.49,,True,36,2,36.0,2081/2082,Jestha,2
1060,Others,Pure Energy Limited,PURE,1.65,2565.0,2115356.0,,,True,36,2,36.0,2081/2082,Jestha,2
149,Hotels and Tourism,Soaltee Hotel Limited,SHL,0.22,33000.0,18819240.0,-0.39,,True,36,2,36.0,2081/2082,Jestha,2
265,Microfinance,Chhimek Laghubitta Bittiya Sanstha Limited,CBBL,0.22,40520.0,35782402.0,0.0,,True,36,2,36.0,2081/2082,Jestha,2
331,Microfinance,Samudayik Laghubitta Bittiya Sanstha Limited,SLBSL,-0.51,3744.0,4781425.0,81.4,,True,36,2,36.0,2081/2082,Jestha,2
325,Microfinance,RSDC Laghubitta Bittiya Sanstha Ltd.,RSDC,0.57,9969.0,6588014.0,17.02,,True,36,2,36.0,2081/2082,Jestha,2
954,Mutual Fund,NIBL Stable Fund,NIBLSTF,-0.21,1925336.0,16192076.0,0.0,,True,36,2,36.0,2081/2082,Jestha,2
982,Mutual Fund,Muktinath Mutual Fund 1,MNMF1,0.0,999800.0,9188162.0,,,True,36,2,36.0,2081/2082,Jestha,2
949,Mutual Fund,NIC Asia Growth Fund-2,NICGF2,-0.92,2736964.0,24276871.0,0.0,,True,36,2,36.0,2081/2082,Jestha,2
13,Commercial Banks,Global IME Bank Limited,GBIME,0.68,30800.0,7994756.0,54.0,,True,36,3,36.0,2081/2082,Ashadh,3
15,Commercial Banks,Himalayan Bank Limited,HBL,-0.88,31200.0,7403760.0,,,True,36,3,36.0,2081/2082,Ashadh,3
922,Commercial Banks,Laxmi Sunrise Bank Limited,LSL,1.3,5000.0,1193700.0,,,True,36,3,36.0,2081/2082,Ashadh,3
31,Commercial Banks,Nepal Bank Limited,NBL,-0.93,27700.0,8072888.0,,,True,36,3,36.0,2081/2082,Ashadh,3
2,Commercial Banks,Agricultural Development Bank Limited,ADBL,-0.16,9102.0,2977537.0,,,True,36,3,36.0,2081/2082,Ashadh,3
27,Commercial Banks,Nabil Bank Limited,NABIL,0.4,10454.0,5659482.0,-43.49,,True,36,3,36.0,2081/2082,Ashadh,3
11,Commercial Banks,Everest Bank Limited,EBL,0.03,10968.0,7694710.0,,,True,36,3,36.0,2081/2082,Ashadh,3
38,Commercial Banks,NIC Asia Bank Ltd.,NICA,0.28,300.0,126014.0,,,True,36,3,36.0,2081/2082,Ashadh,3
40,Commercial Banks,NMB Bank Limited,NMB,1.06,15317.0,4131301.0,,,True,36,3,36.0,2081/2082,Ashadh,3
808,Commercial Banks,Nepal Investment Mega Bank Limited,NIMB,1.28,13917.0,3215105.0,,,True,36,3,36.0,2081/2082,Ashadh,3
42,Commercial Banks,Prabhu Bank Limited,PRVU,0.76,20000.0,4437800.0,,,True,36,3,36.0,2081/2082,Ashadh,3
44,Commercial Banks,Prime Commercial Bank Limited,PCBL,0.63,7500.0,2072325.0,,,True,36,3,36.0,2081/2082,Ashadh,3
48,Commercial Banks,Siddhartha Bank Limited,SBL,1.24,5000.0,1918850.0,,,True,36,3,36.0,2081/2082,Ashadh,3
37,Commercial Banks,Nepal SBI Bank Limited,SBI,1.63,15570.0,6850489.0,,,True,36,3,36.0,2081/2082,Ashadh,3
46,Commercial Banks,Sanima Bank Limited,SANIMA,0.91,3904.0,1463102.0,-97.21,,True,36,3,36.0,2081/2082,Ashadh,3
412,Development Banks,Narayani Development Bank Limited,NABBC,-1.03,16500.0,27124845.0,,,True,36,3,36.0,2081/2082,Ashadh,3
98,Development Banks,Shangrila Development Bank Ltd.,SADBL,0.34,8550.0,3957111.0,,,True,36,3,36.0,2081/2082,Ashadh,3
70,Development Banks,Kamana Sewa Bikas Bank Limited,KSBBL,-0.39,16867.0,8445138.0,-54.53,,True,36,3,36.0,2081/2082,Ashadh,3
80,Development Banks,Mahalaxmi Bikas Bank Ltd.,MLBL,0.25,5000.0,2058350.0,,,True,36,3,36.0,2081/2082,Ashadh,3
118,Finance,Guheshowori Merchant Bank & Finance Co. Ltd.,GMFIL,0.41,11322.0,5716138.0,,,True,36,3,36.0,2081/2082,Ashadh,3
120,Finance,Gurkhas Finance Ltd.,GUFL,0.94,8170.0,4768257.0,,,True,36,3,36.0,2081/2082,Ashadh,3
124,Finance,Janaki Finance Company Ltd.,JFL,0.0,20000.0,10077400.0,,,True,36,3,36.0,2081/2082,Ashadh,3
265,Microfinance,Chhimek Laghubitta Bittiya Sanstha Limited,CBBL,0.22,8944.0,9265805.0,-77.93,,True,36,3,36.0,2081/2082,Ashadh,3
979,Microfinance,Matribhumi Laghubitta Bittiya Sanstha Limited,MATRI,0.56,18270.0,22012610.0,,,True,36,3,36.0,2081/2082,Ashadh,3
946,Microfinance,Nerude Mirmire Laghubitta Bittiya Sanstha Limited,NMLBBL,0.68,2495.0,1747373.0,,,True,36,3,36.0,2081/2082,Ashadh,3
293,Microfinance,Laxmi Laghubitta Bittiya Sanstha Ltd.,LLBS,-0.62,23699.0,26570134.0,,,True,36,3,36.0,2081/2082,Ashadh,3
584,Microfinance,NIC ASIA Laghubitta Bittiya Sanstha Limited,NICLBSL,1.72,1000.0,684200.0,,,True,36,3,36.0,2081/2082,Ashadh,3
285,Microfinance,Infinity Laghubitta Bittiya Sanstha Limited,ILBS,0.11,22318.0,20441949.0,,,True,36,3,36.0,2081/2082,Ashadh,3
795,Microfinance,Suryodaya Womi Laghubitta Bittiya Sanstha Limited,SWMF,0.62,8238.0,6259315.0,,,True,36,3,36.0,2081/2082,Ashadh,3
280,Microfinance,Global IME Laghubitta Bittiya Sanstha Ltd.,GILB,0.44,1188.0,1569039.0,,,True,36,3,36.0,2081/2082,Ashadh,3
271,Microfinance,First Micro Finance Development Bank Ltd.,FMDBL,-0.59,5000.0,6469300.0,,,True,36,3,36.0,2081/2082,Ashadh,3
172,Hydro Power,Radhi Bidyut Company Ltd,RADHI,1.29,7417.0,6009550.0,,,True,36,3,36.0,2081/2082,Ashadh,3
158,Hydro Power,Chilime Hydropower Company Limited,CHCL,0.63,1600.0,853520.0,,,True,36,3,36.0,2081/2082,Ashadh,3
794,Hydro Power,Himalayan Hydropower Limited,HHL,2.33,15000.0,5512200.0,,,True,36,3,36.0,2081/2082,Ashadh,3
731,Hydro Power,Madhya Bhotekoshi Jalavidyut Company Limited,MBJC,0.7,9200.0,2907660.0,,,True,36,3,36.0,2081/2082,Ashadh,3
171,Hydro Power,Panchthar Power Company Limited,PPCL,0.08,18000.0,6585480.0,,,True,36,3,36.0,2081/2082,Ashadh,3
628,Hydro Power,Singati Hydro Energy Limited,SHEL,1.27,400.0,115348.0,,,True,36,3,36.0,2081/2082,Ashadh,3
581,Hydro Power,Mailung Khola Jal Vidhyut Company Limited,MKJC,-2.1,1472.0,765587.0,,,True,36,3,36.0,2081/2082,Ashadh,3
169,Hydro Power,Ngadi Group Power Ltd.,NGPL,1.01,8377.0,3339659.0,,,True,36,3,36.0,2081/2082,Ashadh,3
174,Hydro Power,Rasuwagadhi Hydropower Company Limited,RHPL,0.0,14500.0,4877075.0,,,True,36,3,36.0,2081/2082,Ashadh,3
762,Hydro Power,Nyadi Hydropower Limited,NYADI,2.11,3000.0,1365180.0,,,True,36,3,36.0,2081/2082,Ashadh,3
577,Hydro Power,Trishuli Jal Vidhyut Company Limited,TVCL,1.34,8000.0,3965120.0,,,True,36,3,36.0,2081/2082,Ashadh,3
181,Hydro Power,Universal Power Company Limited,UPCL,1.17,12090.0,4882788.0,,,True,36,3,36.0,2081/2082,Ashadh,3
179,Hydro Power,Union Hydropower Limited,UNHPL,1.17,15000.0,6267150.0,,,True,36,3,36.0,2081/2082,Ashadh,3
617,Hydro Power,United IDI Mardi and RB Hydropower Ltd,UMRH,0.57,64000.0,36055680.0,,,True,36,3,36.0,2081/2082,Ashadh,3
893,Hydro Power,Vision Lumbini Urja Company Limited,VLUCL,-0.3,3000.0,1836210.0,,,True,36,3,36.0,2081/2082,Ashadh,3
1051,Life Insurance,Crest Micro Life Insurance Limited,CREST,14.81,1828.0,2494050.0,-25.72,,True,36,3,36.0,2081/2082,Ashadh,3
983,Life Insurance,Guardian Micro-Life Insurance Company Limited,GMLI,-0.32,1950.0,4278866.0,-25.71,,True,36,3,36.0,2081/2082,Ashadh,3
249,Life Insurance,National Life Insurance Co. Ltd.,NLICL,0.2,22835.0,14239449.0,-73.84,,True,36,3,36.0,2081/2082,Ashadh,3
251,Life Insurance,Nepal Life Insurance Co. Ltd.,NLIC,0.1,400.0,309188.0,,,True,36,3,36.0,2081/2082,Ashadh,3
908,Life Insurance,Himalayan Life Insurance Limited,HLI,0.83,8500.0,3460435.0,,,True,36,3,36.0,2081/2082,Ashadh,3
921,Life Insurance,Sun Nepal Life Insurance Company Limited,SNLI,-0.62,301.0,147683.0,,,True,36,3,36.0,2081/2082,Ashadh,3
925,Life Insurance,Prabhu Mahalaxmi Life Insurance Limited,PMLI,0.86,4320.0,2258194.0,,,True,36,3,36.0,2081/2082,Ashadh,3
210,Non Life Insurance,Neco Insurance Co. Ltd.,NIL,0.99,4905.0,3484316.0,,,True,36,3,36.0,2081/2082,Ashadh,3
211,Non Life Insurance,Nepal Insurance Co. Ltd.,NICL,1.02,17272.0,11143549.0,,,True,36,3,36.0,2081/2082,Ashadh,3
1052,Non Life Insurance,Nepal Micro Insurance Company Limited,NMIC,-1.44,1828.0,2850583.0,-25.72,,True,36,3,36.0,2081/2082,Ashadh,3
876,Non Life Insurance,Siddhartha Premier Insurance Company Limited,SPIL,1.26,10000.0,8403500.0,-75.86,,True,36,3,36.0,2081/2082,Ashadh,3
873,Non Life Insurance,Sagarmatha Lumbini Insurance Company Limited,SALICO,0.68,19629.0,14252421.0,-69.11,,True,36,3,36.0,2081/2082,Ashadh,3
225,Non Life Insurance,Shikhar Insurance Co. Ltd.,SICL,0.18,9281.0,7179132.0,,,True,36,3,36.0,2081/2082,Ashadh,3
877,Hotels and Tourism,City Hotel Limited,CITY,-1.04,5198.0,4541233.0,,,True,36,3,36.0,2081/2082,Ashadh,3
620,Hotels and Tourism,Chandragiri Hills Limited,CGH,0.0,12000.0,11472240.0,,,True,36,3,36.0,2081/2082,Ashadh,3
149,Hotels and Tourism,Soaltee Hotel Limited,SHL,0.22,4918.0,2840538.0,-85.1,,True,36,3,36.0,2081/2082,Ashadh,3
889,Manufacturing and Processing,Sonapur Minerals and Oil Ltd,SONA,2.67,15000.0,6961650.0,,,True,36,3,36.0,2081/2082,Ashadh,3
1039,Manufacturing and Processing,Om Megashree Pharmaceuticals Limited,OMPL,1.72,1462.0,2218965.0,-25.75,,True,36,3,36.0,2081/2082,Ashadh,3
236,Manufacturing and Processing,Bottlers Nepal (Terai) Limited,BNT,-1.77,20.0,256000.0,,,True,36,3,36.0,2081/2082,Ashadh,3
237,Manufacturing and Processing,Bottlers Nepal (Balaju) Limited,BNL,3.0,1638.0,28661724.0,,,True,36,3,36.0,2081/2082,Ashadh,3
240,Manufacturing and Processing,Shivam Cement Ltd.,SHIVM,0.96,10000.0,5350400.0,-81.82,,True,36,3,36.0,2081/2082,Ashadh,3
892,Others,Nepal Warehousing Company Ltd,NWCL,2.16,4625.0,4266054.0,,,True,36,3,36.0,2081/2082,Ashadh,3
1060,Others,Pure Energy Limited,PURE,1.65,1935.0,1686759.0,-24.56,,True,36,3,36.0,2081/2082,Ashadh,3
573,Others,Nepal Reinsurance Company Limited,NRIC,-0.42,5000.0,6300550.0,,,True,36,3,36.0,2081/2082,Ashadh,3
945,Others,Himalayan Re-Insurance Limited,HRL,0.22,125.0,115348.0,-99.45,,True,36,3,36.0,2081/2082,Ashadh,3
231,Investment,Citizen Investment Trust,CIT,0.03,206.0,406998.0,,,True,36,3,36.0,2081/2082,Ashadh,3
625,Investment,Nepal Infrastructure Bank Limited,NIFRA,0.49,3600.0,1013868.0,,,True,36,3,36.0,2081/2082,Ashadh,3
780,Investment,Emerging Nepal Limited,ENL,-0.11,6000.0,6595260.0,,,True,36,3,36.0,2081/2082,Ashadh,3
727,Investment,CEDB Holdings Limited,CHDC,1.55,400.0,1056796.0,,,True,36,3,36.0,2081/2082,Ashadh,3
235,Tradings,Salt Trading Corporation,STC,-0.5,1016.0,5374640.0,,,True,36,3,36.0,2081/2082,Ashadh,3
1049,Mutual Fund,Garima Samriddhi Yojana,GSY,0.0,250000.0,2487500.0,,,True,36,3,36.0,2081/2082,Ashadh,3
849,Mutual Fund,NIBL Growth Fund,NIBLGF,2.91,759550.0,7489163.0,,,True,36,3,36.0,2081/2082,Ashadh,3
728,Mutual Fund,NIBL Samriddhi Fund - II,NIBSF2,0.65,200300.0,1768649.0,,,True,36,3,36.0,2081/2082,Ashadh,3
954,Mutual Fund,NIBL Stable Fund,NIBLSTF,-0.21,690402.0,6828076.0,-64.14,,True,36,3,36.0,2081/2082,Ashadh,3
1066,Mutual Fund,NMB Hydrid Fund L-II,NMBHF2,-1.73,500000.0,4530000.0,,,True,36,3,36.0,2081/2082,Ashadh,3
1072,Mutual Fund,Reliable Samriddhi Yojana,RSY,1.87,250000.0,2482500.0,,,True,36,3,36.0,2081/2082,Ashadh,3
833,Mutual Fund,Sanima Growth Fund,SAGF,0.0,100000.0,1032000.0,,,True,36,3,36.0,2081/2082,Ashadh,3
878,Mutual Fund,Siddhartha Investment Growth Scheme-3,SIGS3,0.93,161320.0,1684181.0,,,True,36,3,36.0,2081/2082,Ashadh,3
850,Mutual Fund,Sunrise Focused Equity Fund,SFEF,-1.36,831100.0,8344244.0,,,True,36,3,36.0,2081/2082,Ashadh,3
922,Commercial Banks,Laxmi Sunrise Bank Limited,LSL,1.3,94900.0,26382200.0,21.52,,True,36,4,36.0,2081/2082,Shrawan,4
13,Commercial Banks,Global IME Bank Limited,GBIME,0.68,119698.0,33874534.0,-13.78,,True,36,4,36.0,2081/2082,Shrawan,4
40,Commercial Banks,NMB Bank Limited,NMB,1.06,78711.0,22133533.0,,,True,36,4,36.0,2081/2082,Shrawan,4
46,Commercial Banks,Sanima Bank Limited,SANIMA,0.91,71670.0,26302890.0,116.12,,True,36,4,36.0,2081/2082,Shrawan,4
62,Development Banks,Garima Bikas Bank Limited,GBBL,0.48,46481.0,23705310.0,282.91,,True,36,4,36.0,2081/2082,Shrawan,4
84,Development Banks,Muktinath Bikas Bank Ltd.,MNBBL,0.21,50481.0,23574627.0,82.37,,True,36,4,36.0,2081/2082,Shrawan,4
611,Hydro Power,Mountain Energy Nepal Limited,MEN,-0.33,42681.0,33547266.0,41.42,,True,36,4,36.0,2081/2082,Shrawan,4
176,Hydro Power,Sanima Mai Hydropower Ltd.,SHPC,0.13,82923.0,56246671.0,166.56,,True,36,4,36.0,2081/2082,Shrawan,4
152,Hydro Power,Api Power Company Ltd.,API,0.79,60429.0,22660875.0,,,True,36,4,36.0,2081/2082,Shrawan,4
760,Hydro Power,Sahas Urja Ltd.,SAHAS,0.76,27000.0,18387000.0,-27.5,,True,36,4,36.0,2081/2082,Shrawan,4
210,Non Life Insurance,Neco Insurance Co. Ltd.,NIL,0.99,28781.0,29160909.0,16.31,,True,36,4,36.0,2081/2082,Shrawan,4
826,Non Life Insurance,Himalayan Everest Insurance Limited,HEI,0.77,34780.0,27128400.0,93.22,,True,36,4,36.0,2081/2082,Shrawan,4
211,Non Life Insurance,Nepal Insurance Co. Ltd.,NICL,1.02,9635.0,10637040.0,,,True,36,4,36.0,2081/2082,Shrawan,4
873,Non Life Insurance,Sagarmatha Lumbini Insurance Company Limited,SALICO,0.68,37064.0,32801640.0,-27.23,,True,36,4,36.0,2081/2082,Shrawan,4
876,Non Life Insurance,Siddhartha Premier Insurance Company Limited,SPIL,1.26,20736.0,20555597.0,0.0,,True,36,4,36.0,2081/2082,Shrawan,4
249,Life Insurance,National Life Insurance Co. Ltd.,NLICL,0.2,90556.0,66105880.0,27.09,,True,36,4,36.0,2081/2082,Shrawan,4
243,Life Insurance,Asian Life Insurance Co. Limited,ALICL,-0.53,45476.0,36016992.0,-0.92,,True,36,4,36.0,2081/2082,Shrawan,4
846,Life Insurance,Suryajyoti Life Insurance Company Limited,SJLIC,-0.46,21631.0,12786084.0,,,True,36,4,36.0,2081/2082,Shrawan,4
242,Manufacturing and Processing,Unilever Nepal Limited,UNL,0.92,185.0,9250185.0,-13.95,,True,36,4,36.0,2081/2082,Shrawan,4
240,Manufacturing and Processing,Shivam Cement Ltd.,SHIVM,0.96,40000.0,29160000.0,-0.11,,True,36,4,36.0,2081/2082,Shrawan,4
236,Manufacturing and Processing,Bottlers Nepal (Terai) Limited,BNT,-1.77,215.0,3449374.0,,,True,36,4,36.0,2081/2082,Shrawan,4
674,Manufacturing and Processing,Sarbottam Cement Limited,SARBTM,0.23,4498.0,4363060.0,0.0,,True,36,4,36.0,2081/2082,Shrawan,4
945,Others,Himalayan Re-Insurance Limited,HRL,0.22,50002.0,49251970.0,73.57,,True,36,4,36.0,2081/2082,Shrawan,4
572,Investment,NRN Infrastructure and Development Limited,NRN,1.75,11000.0,10450000.0,273.26,,True,36,4,36.0,2081/2082,Shrawan,4
149,Hotels and Tourism,Soaltee Hotel Limited,SHL,0.22,19905.0,12209727.0,362.91,,True,36,4,36.0,2081/2082,Shrawan,4
284,Microfinance,Gurans Laghubitta Bittiya Sanstha Limited,GLBSL,1.01,2528.0,4525120.0,-14.07,,True,36,4,36.0,2081/2082,Shrawan,4
265,Microfinance,Chhimek Laghubitta Bittiya Sanstha Limited,CBBL,0.22,15030.0,16218873.0,,,True,36,4,36.0,2081/2082,Shrawan,4
271,Microfinance,First Micro Finance Development Bank Ltd.,FMDBL,-0.59,18234.0,16045920.0,,,True,36,4,36.0,2081/2082,Shrawan,4
884,Mutual Fund,RBB Mutual Fund 2,RMF2,3.96,1000000.0,10200000.0,0.0,,True,36,4,36.0,2081/2082,Shrawan,4
954,Mutual Fund,NIBL Stable Fund,NIBLSTF,-0.21,1982985.0,18203802.0,-0.85,,True,36,4,36.0,2081/2082,Shrawan,4
949,Mutual Fund,NIC Asia Growth Fund-2,NICGF2,-0.92,2905400.0,26003330.0,-3.15,,True,36,4,36.0,2081/2082,Shrawan,4
922,Commercial Banks,Laxmi Sunrise Bank Limited,LSL,1.3,100000.0,23500000.0,5.37,,True,36,5,36.0,2081/2082,Bhadra,5
13,Commercial Banks,Global IME Bank Limited,GBIME,0.68,108130.0,25302420.0,-9.66,,True,36,5,36.0,2081/2082,Bhadra,5
50,Commercial Banks,Standard Chartered Bank Limited,SCB,0.49,17464.0,11753272.0,,,True,36,5,36.0,2081/2082,Bhadra,5
40,Commercial Banks,NMB Bank Limited,NMB,1.06,80711.0,19717697.0,2.54,,True,36,5,36.0,2081/2082,Bhadra,5
46,Commercial Banks,Sanima Bank Limited,SANIMA,0.91,71670.0,23292750.0,0.0,,True,36,5,36.0,2081/2082,Bhadra,5
62,Development Banks,Garima Bikas Bank Limited,GBBL,0.48,37102.0,16065166.0,-20.18,,True,36,5,36.0,2081/2082,Bhadra,5
84,Development Banks,Muktinath Bikas Bank Ltd.,MNBBL,0.21,47481.0,18422628.0,-5.94,,True,36,5,36.0,2081/2082,Bhadra,5
611,Hydro Power,Mountain Energy Nepal Limited,MEN,-0.33,26681.0,17075840.0,-37.49,,True,36,5,36.0,2081/2082,Bhadra,5
176,Hydro Power,Sanima Mai Hydropower Ltd.,SHPC,0.13,25000.0,12750000.0,-69.85,,True,36,5,36.0,2081/2082,Bhadra,5
156,Hydro Power,Butwal Power Company Limited,BPCL,-0.4,37991.0,16070193.0,,,True,36,5,36.0,2081/2082,Bhadra,5
152,Hydro Power,Api Power Company Ltd.,API,0.79,28429.0,9060322.0,-52.95,,True,36,5,36.0,2081/2082,Bhadra,5
760,Hydro Power,Sahas Urja Ltd.,SAHAS,0.76,31130.0,18148790.0,15.3,,True,36,5,36.0,2081/2082,Bhadra,5
210,Non Life Insurance,Neco Insurance Co. Ltd.,NIL,0.99,26781.0,24777781.0,-6.95,,True,36,5,36.0,2081/2082,Bhadra,5
826,Non Life Insurance,Himalayan Everest Insurance Limited,HEI,0.77,29780.0,19833480.0,-14.38,,True,36,5,36.0,2081/2082,Bhadra,5
873,Non Life Insurance,Sagarmatha Lumbini Insurance Company Limited,SALICO,0.68,35064.0,26995774.0,-5.4,,True,36,5,36.0,2081/2082,Bhadra,5
876,Non Life Insurance,Siddhartha Premier Insurance Company Limited,SPIL,1.26,20736.0,17841254.0,0.0,,True,36,5,36.0,2081/2082,Bhadra,5
249,Life Insurance,National Life Insurance Co. Ltd.,NLICL,0.2,84486.0,50100198.0,-6.7,,True,36,5,36.0,2081/2082,Bhadra,5
243,Life Insurance,Asian Life Insurance Co. Limited,ALICL,-0.53,45476.0,31783176.0,0.0,,True,36,5,36.0,2081/2082,Bhadra,5
846,Life Insurance,Suryajyoti Life Insurance Company Limited,SJLIC,-0.46,37717.0,17783566.0,74.37,,True,36,5,36.0,2081/2082,Bhadra,5
242,Manufacturing and Processing,Unilever Nepal Limited,UNL,0.92,185.0,9249982.0,0.0,,True,36,5,36.0,2081/2082,Bhadra,5
240,Manufacturing and Processing,Shivam Cement Ltd.,SHIVM,0.96,20000.0,11400000.0,-50.0,,True,36,5,36.0,2081/2082,Bhadra,5
236,Manufacturing and Processing,Bottlers Nepal (Terai) Limited,BNT,-1.77,255.0,3664886.0,18.6,,True,36,5,36.0,2081/2082,Bhadra,5
674,Manufacturing and Processing,Sarbottam Cement Limited,SARBTM,0.23,4498.0,4363060.0,0.0,,True,36,5,36.0,2081/2082,Bhadra,5
945,Others,Himalayan Re-Insurance Limited,HRL,0.22,20502.0,16385198.0,-59.0,,True,36,5,36.0,2081/2082,Bhadra,5
112,Finance,Central Finance Limited,CFCL,0.64,12083.0,7080638.0,,,True,36,5,36.0,2081/2082,Bhadra,5
149,Hotels and Tourism,Soaltee Hotel Limited,SHL,0.22,37500.0,18701250.0,88.39,,True,36,5,36.0,2081/2082,Bhadra,5
265,Microfinance,Chhimek Laghubitta Bittiya Sanstha Limited,CBBL,0.22,27885.0,26772389.0,85.53,,True,36,5,36.0,2081/2082,Bhadra,5
271,Microfinance,First Micro Finance Development Bank Ltd.,FMDBL,-0.59,24584.0,17577560.0,34.83,,True,36,5,36.0,2081/2082,Bhadra,5
884,Mutual Fund,RBB Mutual Fund 2,RMF2,3.96,1000000.0,10140000.0,0.0,,True,36,5,36.0,2081/2082,Bhadra,5
954,Mutual Fund,NIBL Stable Fund,NIBLSTF,-0.21,1926985.0,16668420.0,-2.82,,True,36,5,36.0,2081/2082,Bhadra,5
949,Mutual Fund,NIC Asia Growth Fund-2,NICGF2,-0.92,2905400.0,24492522.0,0.0,,True,36,5,36.0,2081/2082,Bhadra,5
922,Commercial Banks,Laxmi Sunrise Bank Limited,LSL,1.3,88555.0,23697318.0,-11.45,,True,36,6,36.0,2081/2082,Ashwin,6
13,Commercial Banks,Global IME Bank Limited,GBIME,0.68,67000.0,17621000.0,-38.04,,True,36,6,36.0,2081/2082,Ashwin,6
50,Commercial Banks,Standard Chartered Bank Limited,SCB,0.49,22594.0,16019146.0,29.37,,True,36,6,36.0,2081/2082,Ashwin,6
27,Commercial Banks,Nabil Bank Limited,NABIL,0.4,5955.0,3620640.0,,,True,36,6,36.0,2081/2082,Ashwin,6
40,Commercial Banks,NMB Bank Limited,NMB,1.06,82711.0,23159080.0,2.48,,True,36,6,36.0,2081/2082,Ashwin,6
46,Commercial Banks,Sanima Bank Limited,SANIMA,0.91,74670.0,25985160.0,4.19,,True,36,6,36.0,2081/2082,Ashwin,6
62,Development Banks,Garima Bikas Bank Limited,GBBL,0.48,37102.0,17437940.0,0.0,,True,36,6,36.0,2081/2082,Ashwin,6
84,Development Banks,Muktinath Bikas Bank Ltd.,MNBBL,0.21,49839.0,20733024.0,4.97,,True,36,6,36.0,2081/2082,Ashwin,6
611,Hydro Power,Mountain Energy Nepal Limited,MEN,-0.33,35351.0,23331660.0,32.5,,True,36,6,36.0,2081/2082,Ashwin,6
176,Hydro Power,Sanima Mai Hydropower Ltd.,SHPC,0.13,10406.0,5816954.0,-58.38,,True,36,6,36.0,2081/2082,Ashwin,6
856,Hydro Power,Makar Jitumaya Suri Hydropower Limited,MAKAR,1.94,14776.0,7383567.0,,,True,36,6,36.0,2081/2082,Ashwin,6
156,Hydro Power,Butwal Power Company Limited,BPCL,-0.4,38535.0,18381195.0,1.43,,True,36,6,36.0,2081/2082,Ashwin,6
152,Hydro Power,Api Power Company Ltd.,API,0.79,23000.0,7173700.0,-19.1,,True,36,6,36.0,2081/2082,Ashwin,6
760,Hydro Power,Sahas Urja Ltd.,SAHAS,0.76,60820.0,29497700.0,95.37,,True,36,6,36.0,2081/2082,Ashwin,6
210,Non Life Insurance,Neco Insurance Co. Ltd.,NIL,0.99,15000.0,14160000.0,-43.99,,True,36,6,36.0,2081/2082,Ashwin,6
826,Non Life Insurance,Himalayan Everest Insurance Limited,HEI,0.77,41626.0,28139176.0,39.78,,True,36,6,36.0,2081/2082,Ashwin,6
211,Non Life Insurance,Nepal Insurance Co. Ltd.,NICL,1.02,6995.0,7211845.0,,,True,36,6,36.0,2081/2082,Ashwin,6
873,Non Life Insurance,Sagarmatha Lumbini Insurance Company Limited,SALICO,0.68,30064.0,23359728.0,-14.26,,True,36,6,36.0,2081/2082,Ashwin,6
876,Non Life Insurance,Siddhartha Premier Insurance Company Limited,SPIL,1.26,26560.0,23168288.0,28.09,,True,36,6,36.0,2081/2082,Ashwin,6
249,Life Insurance,National Life Insurance Co. Ltd.,NLICL,0.2,84486.0,53462741.0,0.0,,True,36,6,36.0,2081/2082,Ashwin,6
243,Life Insurance,Asian Life Insurance Co. Limited,ALICL,-0.53,45476.0,33420312.0,0.0,,True,36,6,36.0,2081/2082,Ashwin,6
846,Life Insurance,Suryajyoti Life Insurance Company Limited,SJLIC,-0.46,37717.0,19009368.0,0.0,,True,36,6,36.0,2081/2082,Ashwin,6
242,Manufacturing and Processing,Unilever Nepal Limited,UNL,0.92,185.0,9111250.0,0.0,,True,36,6,36.0,2081/2082,Ashwin,6
236,Manufacturing and Processing,Bottlers Nepal (Terai) Limited,BNT,-1.77,329.0,4951121.0,29.02,,True,36,6,36.0,2081/2082,Ashwin,6
149,Hotels and Tourism,Soaltee Hotel Limited,SHL,0.22,43000.0,23263000.0,14.67,,True,36,6,36.0,2081/2082,Ashwin,6
265,Microfinance,Chhimek Laghubitta Bittiya Sanstha Limited,CBBL,0.22,32316.0,32477580.0,15.89,,True,36,6,36.0,2081/2082,Ashwin,6
271,Microfinance,First Micro Finance Development Bank Ltd.,FMDBL,-0.59,30843.0,25137045.0,25.46,,True,36,6,36.0,2081/2082,Ashwin,6
884,Mutual Fund,RBB Mutual Fund 2,RMF2,3.96,1000000.0,9270000.0,0.0,,True,36,6,36.0,2081/2082,Ashwin,6
954,Mutual Fund,NIBL Stable Fund,NIBLSTF,-0.21,1926985.0,16610611.0,0.0,,True,36,6,36.0,2081/2082,Ashwin,6
949,Mutual Fund,NIC Asia Growth Fund-2,NICGF2,-0.92,2905400.0,25364142.0,0.0,,True,36,6,36.0,2081/2082,Ashwin,6
922,Commercial Banks,Laxmi Sunrise Bank Limited,LSL,1.3,84000.0,21840000.0,-5.14,,True,36,7,36.0,2081/2082,Kartik,7
13,Commercial Banks,Global IME Bank Limited,GBIME,0.68,60476.0,15518142.0,-9.74,,True,36,7,36.0,2081/2082,Kartik,7
50,Commercial Banks,Standard Chartered Bank Limited,SCB,0.49,24594.0,18445500.0,8.85,,True,36,7,36.0,2081/2082,Kartik,7
27,Commercial Banks,Nabil Bank Limited,NABIL,0.4,24909.0,13998858.0,318.29,,True,36,7,36.0,2081/2082,Kartik,7
40,Commercial Banks,NMB Bank Limited,NMB,1.06,94711.0,24624860.0,14.51,,True,36,7,36.0,2081/2082,Kartik,7
46,Commercial Banks,Sanima Bank Limited,SANIMA,0.91,79991.0,25821095.0,7.13,,True,36,7,36.0,2081/2082,Kartik,7
62,Development Banks,Garima Bikas Bank Limited,GBBL,0.48,34102.0,15601665.0,-8.09,,True,36,7,36.0,2081/2082,Kartik,7
70,Development Banks,Kamana Sewa Bikas Bank Limited,KSBBL,-0.39,27039.0,13032798.0,,,True,36,7,36.0,2081/2082,Kartik,7
84,Development Banks,Muktinath Bikas Bank Ltd.,MNBBL,0.21,49839.0,20134956.0,0.0,,True,36,7,36.0,2081/2082,Kartik,7
611,Hydro Power,Mountain Energy Nepal Limited,MEN,-0.33,25000.0,17752500.0,-29.28,,True,36,7,36.0,2081/2082,Kartik,7
176,Hydro Power,Sanima Mai Hydropower Ltd.,SHPC,0.13,31782.0,17829702.0,205.42,,True,36,7,36.0,2081/2082,Kartik,7
158,Hydro Power,Chilime Hydropower Company Limited,CHCL,0.63,25000.0,14825000.0,,,True,36,7,36.0,2081/2082,Kartik,7
156,Hydro Power,Butwal Power Company Limited,BPCL,-0.4,39560.0,17952328.0,2.66,,True,36,7,36.0,2081/2082,Kartik,7
152,Hydro Power,Api Power Company Ltd.,API,0.79,45000.0,13567500.0,95.65,,True,36,7,36.0,2081/2082,Kartik,7
760,Hydro Power,Sahas Urja Ltd.,SAHAS,0.76,47000.0,25850000.0,-22.72,,True,36,7,36.0,2081/2082,Kartik,7
210,Non Life Insurance,Neco Insurance Co. Ltd.,NIL,0.99,10000.0,9380000.0,-33.33,,True,36,7,36.0,2081/2082,Kartik,7
826,Non Life Insurance,Himalayan Everest Insurance Limited,HEI,0.77,30000.0,20490000.0,-27.93,,True,36,7,36.0,2081/2082,Kartik,7
873,Non Life Insurance,Sagarmatha Lumbini Insurance Company Limited,SALICO,0.68,25052.0,19615716.0,-16.67,,True,36,7,36.0,2081/2082,Kartik,7
876,Non Life Insurance,Siddhartha Premier Insurance Company Limited,SPIL,1.26,28560.0,25418400.0,7.53,,True,36,7,36.0,2081/2082,Kartik,7
249,Life Insurance,National Life Insurance Co. Ltd.,NLICL,0.2,74000.0,46398000.0,-12.41,,True,36,7,36.0,2081/2082,Kartik,7
243,Life Insurance,Asian Life Insurance Co. Limited,ALICL,-0.53,33500.0,25125000.0,-26.33,,True,36,7,36.0,2081/2082,Kartik,7
846,Life Insurance,Suryajyoti Life Insurance Company Limited,SJLIC,-0.46,32717.0,16260349.0,-13.26,,True,36,7,36.0,2081/2082,Kartik,7
242,Manufacturing and Processing,Unilever Nepal Limited,UNL,0.92,185.0,8695000.0,0.0,,True,36,7,36.0,2081/2082,Kartik,7
236,Manufacturing and Processing,Bottlers Nepal (Terai) Limited,BNT,-1.77,129.0,1889721.0,-60.79,,True,36,7,36.0,2081/2082,Kartik,7
149,Hotels and Tourism,Soaltee Hotel Limited,SHL,0.22,30000.0,16770000.0,-30.23,,True,36,7,36.0,2081/2082,Kartik,7
265,Microfinance,Chhimek Laghubitta Bittiya Sanstha Limited,CBBL,0.22,32316.0,31475784.0,0.0,,True,36,7,36.0,2081/2082,Kartik,7
271,Microfinance,First Micro Finance Development Bank Ltd.,FMDBL,-0.59,30843.0,25661376.0,0.0,,True,36,7,36.0,2081/2082,Kartik,7
884,Mutual Fund,RBB Mutual Fund 2,RMF2,3.96,1000000.0,9860000.0,0.0,,True,36,7,36.0,2081/2082,Kartik,7
954,Mutual Fund,NIBL Stable Fund,NIBLSTF,-0.21,1926985.0,17342865.0,0.0,,True,36,7,36.0,2081/2082,Kartik,7
949,Mutual Fund,NIC Asia Growth Fund-2,NICGF2,-0.92,2905400.0,27310760.0,0.0,,True,36,7,36.0,2081/2082,Kartik,7
922,Commercial Banks,Laxmi Sunrise Bank Limited,LSL,1.3,75000.0,17580000.0,-10.71,,True,36,8,36.0,2081/2082,Mangsir,8
13,Commercial Banks,Global IME Bank Limited,GBIME,0.68,63802.0,14419252.0,5.5,,True,36,8,36.0,2081/2082,Mangsir,8
50,Commercial Banks,Standard Chartered Bank Limited,SCB,0.49,26412.0,17801688.0,7.39,,True,36,8,36.0,2081/2082,Mangsir,8
27,Commercial Banks,Nabil Bank Limited,NABIL,0.4,28434.0,14785680.0,14.15,,True,36,8,36.0,2081/2082,Mangsir,8
40,Commercial Banks,NMB Bank Limited,NMB,1.06,94711.0,23393617.0,0.0,,True,36,8,36.0,2081/2082,Mangsir,8
46,Commercial Banks,Sanima Bank Limited,SANIMA,0.91,79991.0,24869202.0,0.0,,True,36,8,36.0,2081/2082,Mangsir,8
62,Development Banks,Garima Bikas Bank Limited,GBBL,0.48,30000.0,13170000.0,-12.03,,True,36,8,36.0,2081/2082,Mangsir,8
70,Development Banks,Kamana Sewa Bikas Bank Limited,KSBBL,-0.39,30039.0,13697784.0,11.1,,True,36,8,36.0,2081/2082,Mangsir,8
84,Development Banks,Muktinath Bikas Bank Ltd.,MNBBL,0.21,30000.0,11844000.0,-39.81,,True,36,8,36.0,2081/2082,Mangsir,8
611,Hydro Power,Mountain Energy Nepal Limited,MEN,-0.33,12948.0,9141288.0,-48.21,,True,36,8,36.0,2081/2082,Mangsir,8
176,Hydro Power,Sanima Mai Hydropower Ltd.,SHPC,0.13,31782.0,17114607.0,0.0,,True,36,8,36.0,2081/2082,Mangsir,8
158,Hydro Power,Chilime Hydropower Company Limited,CHCL,0.63,27000.0,15120000.0,8.0,,True,36,8,36.0,2081/2082,Mangsir,8
156,Hydro Power,Butwal Power Company Limited,BPCL,-0.4,42560.0,17530464.0,7.58,,True,36,8,36.0,2081/2082,Mangsir,8
152,Hydro Power,Api Power Company Ltd.,API,0.79,45000.0,12307500.0,0.0,,True,36,8,36.0,2081/2082,Mangsir,8
760,Hydro Power,Sahas Urja Ltd.,SAHAS,0.76,51400.0,25443000.0,9.36,,True,36,8,36.0,2081/2082,Mangsir,8
210,Non Life Insurance,Neco Insurance Co. Ltd.,NIL,0.99,16152.0,15021360.0,61.52,,True,36,8,36.0,2081/2082,Mangsir,8
826,Non Life Insurance,Himalayan Everest Insurance Limited,HEI,0.77,30000.0,19260000.0,0.0,,True,36,8,36.0,2081/2082,Mangsir,8
873,Non Life Insurance,Sagarmatha Lumbini Insurance Company Limited,SALICO,0.68,31747.0,22286394.0,26.72,,True,36,8,36.0,2081/2082,Mangsir,8
876,Non Life Insurance,Siddhartha Premier Insurance Company Limited,SPIL,1.26,33688.0,27118840.0,17.96,,True,36,8,36.0,2081/2082,Mangsir,8
249,Life Insurance,National Life Insurance Co. Ltd.,NLICL,0.2,74000.0,43882000.0,0.0,,True,36,8,36.0,2081/2082,Mangsir,8
243,Life Insurance,Asian Life Insurance Co. Limited,ALICL,-0.53,33500.0,24404750.0,0.0,,True,36,8,36.0,2081/2082,Mangsir,8
846,Life Insurance,Suryajyoti Life Insurance Company Limited,SJLIC,-0.46,32717.0,15115254.0,0.0,,True,36,8,36.0,2081/2082,Mangsir,8
242,Manufacturing and Processing,Unilever Nepal Limited,UNL,0.92,185.0,8769000.0,0.0,,True,36,8,36.0,2081/2082,Mangsir,8
240,Manufacturing and Processing,Shivam Cement Ltd.,SHIVM,0.96,34019.0,19492887.0,,,True,36,8,36.0,2081/2082,Mangsir,8
238,Manufacturing and Processing,Himalayan Distillery Limited,HDL,0.59,25000.0,20500000.0,,,True,36,8,36.0,2081/2082,Mangsir,8
149,Hotels and Tourism,Soaltee Hotel Limited,SHL,0.22,14000.0,6790000.0,-53.33,,True,36,8,36.0,2081/2082,Mangsir,8
265,Microfinance,Chhimek Laghubitta Bittiya Sanstha Limited,CBBL,0.22,33316.0,31003870.0,3.09,,True,36,8,36.0,2081/2082,Mangsir,8
271,Microfinance,First Micro Finance Development Bank Ltd.,FMDBL,-0.59,33618.0,25889222.0,9.0,,True,36,8,36.0,2081/2082,Mangsir,8
954,Mutual Fund,NIBL Stable Fund,NIBLSTF,-0.21,1926985.0,17362135.0,0.0,,True,36,8,36.0,2081/2082,Mangsir,8
949,Mutual Fund,NIC Asia Growth Fund-2,NICGF2,-0.92,2905400.0,26032384.0,0.0,,True,36,8,36.0,2081/2082,Mangsir,8
922,Commercial Banks,Laxmi Sunrise Bank Limited,LSL,1.3,78750.0,16702875.0,5.0,,True,36,9,36.0,2081/2082,Poush,9
13,Commercial Banks,Global IME Bank Limited,GBIME,0.68,63802.0,14164044.0,0.0,,True,36,9,36.0,2081/2082,Poush,9
50,Commercial Banks,Standard Chartered Bank Limited,SCB,0.49,26412.0,17703964.0,0.0,,True,36,9,36.0,2081/2082,Poush,9
27,Commercial Banks,Nabil Bank Limited,NABIL,0.4,30696.0,15025692.0,7.96,,True,36,9,36.0,2081/2082,Poush,9
40,Commercial Banks,NMB Bank Limited,NMB,1.06,94711.0,22616987.0,0.0,,True,36,9,36.0,2081/2082,Poush,9
46,Commercial Banks,Sanima Bank Limited,SANIMA,0.91,79991.0,23309377.0,0.0,,True,36,9,36.0,2081/2082,Poush,9
62,Development Banks,Garima Bikas Bank Limited,GBBL,0.48,30000.0,11670000.0,0.0,,True,36,9,36.0,2081/2082,Poush,9
70,Development Banks,Kamana Sewa Bikas Bank Limited,KSBBL,-0.39,30039.0,13006887.0,0.0,,True,36,9,36.0,2081/2082,Poush,9
84,Development Banks,Muktinath Bikas Bank Ltd.,MNBBL,0.21,30000.0,11067000.0,0.0,,True,36,9,36.0,2081/2082,Poush,9
611,Hydro Power,Mountain Energy Nepal Limited,MEN,-0.33,20640.0,12611040.0,59.41,,True,36,9,36.0,2081/2082,Poush,9
176,Hydro Power,Sanima Mai Hydropower Ltd.,SHPC,0.13,37160.0,16956108.0,16.92,,True,36,9,36.0,2081/2082,Poush,9
158,Hydro Power,Chilime Hydropower Company Limited,CHCL,0.63,29700.0,14891580.0,10.0,,True,36,9,36.0,2081/2082,Poush,9
156,Hydro Power,Butwal Power Company Limited,BPCL,-0.4,30000.0,11868000.0,-29.51,,True,36,9,36.0,2081/2082,Poush,9
152,Hydro Power,Api Power Company Ltd.,API,0.79,54202.0,14363530.0,20.45,,True,36,9,36.0,2081/2082,Poush,9
760,Hydro Power,Sahas Urja Ltd.,SAHAS,0.76,60000.0,29460000.0,16.73,,True,36,9,36.0,2081/2082,Poush,9
826,Non Life Insurance,Himalayan Everest Insurance Limited,HEI,0.77,31310.0,19164851.0,4.37,,True,36,9,36.0,2081/2082,Poush,9
873,Non Life Insurance,Sagarmatha Lumbini Insurance Company Limited,SALICO,0.68,34221.0,24604899.0,7.79,,True,36,9,36.0,2081/2082,Poush,9
876,Non Life Insurance,Siddhartha Premier Insurance Company Limited,SPIL,1.26,40052.0,32482172.0,18.89,,True,36,9,36.0,2081/2082,Poush,9
249,Life Insurance,National Life Insurance Co. Ltd.,NLICL,0.2,83939.0,50598429.0,13.43,,True,36,9,36.0,2081/2082,Poush,9
243,Life Insurance,Asian Life Insurance Co. Limited,ALICL,-0.53,20336.0,14387720.0,-39.3,,True,36,9,36.0,2081/2082,Poush,9
846,Life Insurance,Suryajyoti Life Insurance Company Limited,SJLIC,-0.46,32717.0,14526348.0,0.0,,True,36,9,36.0,2081/2082,Poush,9
242,Manufacturing and Processing,Unilever Nepal Limited,UNL,0.92,185.0,8306500.0,0.0,,True,36,9,36.0,2081/2082,Poush,9
240,Manufacturing and Processing,Shivam Cement Ltd.,SHIVM,0.96,41106.0,21498438.0,20.83,,True,36,9,36.0,2081/2082,Poush,9
238,Manufacturing and Processing,Himalayan Distillery Limited,HDL,0.59,34312.0,27106480.0,37.25,,True,36,9,36.0,2081/2082,Poush,9
149,Hotels and Tourism,Soaltee Hotel Limited,SHL,0.22,17729.0,8515239.0,26.64,,True,36,9,36.0,2081/2082,Poush,9
265,Microfinance,Chhimek Laghubitta Bittiya Sanstha Limited,CBBL,0.22,35981.0,30547869.0,8.0,,True,36,9,36.0,2081/2082,Poush,9
271,Microfinance,First Micro Finance Development Bank Ltd.,FMDBL,-0.59,19006.0,13969410.0,-43.46,,True,36,9,36.0,2081/2082,Poush,9
954,Mutual Fund,NIBL Stable Fund,NIBLSTF,-0.21,1924536.0,16243084.0,-0.13,,True,36,9,36.0,2081/2082,Poush,9
982,Mutual Fund,Muktinath Mutual Fund 1,MNMF1,0.0,1000000.0,10000000.0,,,True,36,9,36.0,2081/2082,Poush,9
949,Mutual Fund,NIC Asia Growth Fund-2,NICGF2,-0.92,2742864.0,23177201.0,-5.59,,True,36,9,36.0,2081/2082,Poush,9
922,Commercial Banks,Laxmi Sunrise Bank Limited,LSL,1.3,60000.0,13020000.0,-23.81,,True,36,10,36.0,2081/2082,Magh,10
13,Commercial Banks,Global IME Bank Limited,GBIME,0.68,53326.0,11667729.0,-16.42,,True,36,10,36.0,2081/2082,Magh,10
50,Commercial Banks,Standard Chartered Bank Limited,SCB,0.49,33545.0,22408060.0,27.01,,True,36,10,36.0,2081/2082,Magh,10
27,Commercial Banks,Nabil Bank Limited,NABIL,0.4,30696.0,14887560.0,0.0,,True,36,10,36.0,2081/2082,Magh,10
40,Commercial Banks,NMB Bank Limited,NMB,1.06,103338.0,24904458.0,9.11,,True,36,10,36.0,2081/2082,Magh,10
46,Commercial Banks,Sanima Bank Limited,SANIMA,0.91,103711.0,30128046.0,29.65,,True,36,10,36.0,2081/2082,Magh,10
62,Development Banks,Garima Bikas Bank Limited,GBBL,0.48,30000.0,11850000.0,0.0,,True,36,10,36.0,2081/2082,Magh,10
70,Development Banks,Kamana Sewa Bikas Bank Limited,KSBBL,-0.39,37095.0,16878225.0,23.49,,True,36,10,36.0,2081/2082,Magh,10
84,Development Banks,Muktinath Bikas Bank Ltd.,MNBBL,0.21,30000.0,11160000.0,0.0,,True,36,10,36.0,2081/2082,Magh,10
611,Hydro Power,Mountain Energy Nepal Limited,MEN,-0.33,23787.0,14248413.0,15.25,,True,36,10,36.0,2081/2082,Magh,10
176,Hydro Power,Sanima Mai Hydropower Ltd.,SHPC,0.13,43333.0,21579834.0,16.61,,True,36,10,36.0,2081/2082,Magh,10
158,Hydro Power,Chilime Hydropower Company Limited,CHCL,0.63,31700.0,16769300.0,6.73,,True,36,10,36.0,2081/2082,Magh,10
156,Hydro Power,Butwal Power Company Limited,BPCL,-0.4,30000.0,12195000.0,0.0,,True,36,10,36.0,2081/2082,Magh,10
152,Hydro Power,Api Power Company Ltd.,API,0.79,63326.0,17477976.0,16.83,,True,36,10,36.0,2081/2082,Magh,10
788,Hydro Power,River Falls Power Limited,RFPL,1.13,5650.0,5096300.0,,,True,36,10,36.0,2081/2082,Magh,10
760,Hydro Power,Sahas Urja Ltd.,SAHAS,0.76,66319.0,33451304.0,10.53,,True,36,10,36.0,2081/2082,Magh,10
826,Non Life Insurance,Himalayan Everest Insurance Limited,HEI,0.77,37057.0,23864708.0,18.36,,True,36,10,36.0,2081/2082,Magh,10
873,Non Life Insurance,Sagarmatha Lumbini Insurance Company Limited,SALICO,0.68,38412.0,27464580.0,12.25,,True,36,10,36.0,2081/2082,Magh,10
876,Non Life Insurance,Siddhartha Premier Insurance Company Limited,SPIL,1.26,42052.0,36618882.0,4.99,,True,36,10,36.0,2081/2082,Magh,10
249,Life Insurance,National Life Insurance Co. Ltd.,NLICL,0.2,96830.0,57613850.0,15.36,,True,36,10,36.0,2081/2082,Magh,10
983,Life Insurance,Guardian Micro-Life Insurance Company Limited,GMLI,-0.32,2625.0,1156575.0,,,True,36,10,36.0,2081/2082,Magh,10
846,Life Insurance,Suryajyoti Life Insurance Company Limited,SJLIC,-0.46,34717.0,15660839.0,6.11,,True,36,10,36.0,2081/2082,Magh,10
242,Manufacturing and Processing,Unilever Nepal Limited,UNL,0.92,185.0,8695000.0,0.0,,True,36,10,36.0,2081/2082,Magh,10
240,Manufacturing and Processing,Shivam Cement Ltd.,SHIVM,0.96,40000.0,21000000.0,-2.69,,True,36,10,36.0,2081/2082,Magh,10
945,Others,Himalayan Re-Insurance Limited,HRL,0.22,27206.0,23097894.0,,,True,36,10,36.0,2081/2082,Magh,10
149,Hotels and Tourism,Soaltee Hotel Limited,SHL,0.22,15930.0,7869420.0,-10.15,,True,36,10,36.0,2081/2082,Magh,10
265,Microfinance,Chhimek Laghubitta Bittiya Sanstha Limited,CBBL,0.22,36880.0,32270000.0,2.5,,True,36,10,36.0,2081/2082,Magh,10
271,Microfinance,First Micro Finance Development Bank Ltd.,FMDBL,-0.59,2775.0,2242200.0,-85.4,,True,36,10,36.0,2081/2082,Magh,10
954,Mutual Fund,NIBL Stable Fund,NIBLSTF,-0.21,1924936.0,17324424.0,0.02,,True,36,10,36.0,2081/2082,Magh,10
982,Mutual Fund,Muktinath Mutual Fund 1,MNMF1,0.0,999800.0,8998200.0,-0.02,,True,36,10,36.0,2081/2082,Magh,10
949,Mutual Fund,NIC Asia Growth Fund-2,NICGF2,-0.92,2733264.0,24052723.0,-0.35,,True,36,10,36.0,2081/2082,Magh,10
922,Commercial Banks,Laxmi Sunrise Bank Limited,LSL,1.3,60000.0,13680000.0,0.0,,True,36,11,36.0,2081/2082,Falgun,11
13,Commercial Banks,Global IME Bank Limited,GBIME,0.68,53326.0,12030346.0,0.0,,True,36,11,36.0,2081/2082,Falgun,11
50,Commercial Banks,Standard Chartered Bank Limited,SCB,0.49,35000.0,22998500.0,4.34,,True,36,11,36.0,2081/2082,Falgun,11
27,Commercial Banks,Nabil Bank Limited,NABIL,0.4,30696.0,15071736.0,0.0,,True,36,11,36.0,2081/2082,Falgun,11
40,Commercial Banks,NMB Bank Limited,NMB,1.06,110000.0,28160000.0,6.45,,True,36,11,36.0,2081/2082,Falgun,11
46,Commercial Banks,Sanima Bank Limited,SANIMA,0.91,139978.0,42973246.0,34.97,,True,36,11,36.0,2081/2082,Falgun,11
62,Development Banks,Garima Bikas Bank Limited,GBBL,0.48,33320.0,13747832.0,11.07,,True,36,11,36.0,2081/2082,Falgun,11
70,Development Banks,Kamana Sewa Bikas Bank Limited,KSBBL,-0.39,38095.0,17599890.0,2.7,,True,36,11,36.0,2081/2082,Falgun,11
611,Hydro Power,Mountain Energy Nepal Limited,MEN,-0.33,23787.0,14272200.0,0.0,,True,36,11,36.0,2081/2082,Falgun,11
176,Hydro Power,Sanima Mai Hydropower Ltd.,SHPC,0.13,43333.0,20704507.0,0.0,,True,36,11,36.0,2081/2082,Falgun,11
158,Hydro Power,Chilime Hydropower Company Limited,CHCL,0.63,32270.0,16457700.0,1.8,,True,36,11,36.0,2081/2082,Falgun,11
853,Hydro Power,Sanima Middle Tamor Hydropower,TAMOR,1.34,25805.0,14141140.0,,,True,36,11,36.0,2081/2082,Falgun,11
856,Hydro Power,Makar Jitumaya Suri Hydropower Limited,MAKAR,1.94,6207.0,4741527.0,,,True,36,11,36.0,2081/2082,Falgun,11
152,Hydro Power,Api Power Company Ltd.,API,0.79,63326.0,17921258.0,0.0,,True,36,11,36.0,2081/2082,Falgun,11
788,Hydro Power,River Falls Power Limited,RFPL,1.13,5650.0,4350500.0,0.0,,True,36,11,36.0,2081/2082,Falgun,11
760,Hydro Power,Sahas Urja Ltd.,SAHAS,0.76,63000.0,32130000.0,-5.0,,True,36,11,36.0,2081/2082,Falgun,11
826,Non Life Insurance,Himalayan Everest Insurance Limited,HEI,0.77,43000.0,27391000.0,16.04,,True,36,11,36.0,2081/2082,Falgun,11
873,Non Life Insurance,Sagarmatha Lumbini Insurance Company Limited,SALICO,0.68,38412.0,28002348.0,0.0,,True,36,11,36.0,2081/2082,Falgun,11
876,Non Life Insurance,Siddhartha Premier Insurance Company Limited,SPIL,1.26,40000.0,34280000.0,-4.88,,True,36,11,36.0,2081/2082,Falgun,11
249,Life Insurance,National Life Insurance Co. Ltd.,NLICL,0.2,82000.0,52717800.0,-15.32,,True,36,11,36.0,2081/2082,Falgun,11
983,Life Insurance,Guardian Micro-Life Insurance Company Limited,GMLI,-0.32,2625.0,5147625.0,0.0,,True,36,11,36.0,2081/2082,Falgun,11
846,Life Insurance,Suryajyoti Life Insurance Company Limited,SJLIC,-0.46,34717.0,15900386.0,0.0,,True,36,11,36.0,2081/2082,Falgun,11
242,Manufacturing and Processing,Unilever Nepal Limited,UNL,0.92,185.0,8327035.0,0.0,,True,36,11,36.0,2081/2082,Falgun,11
240,Manufacturing and Processing,Shivam Cement Ltd.,SHIVM,0.96,45000.0,24435000.0,12.5,,True,36,11,36.0,2081/2082,Falgun,11
945,Others,Himalayan Re-Insurance Limited,HRL,0.22,16000.0,16513600.0,-41.19,,True,36,11,36.0,2081/2082,Falgun,11
149,Hotels and Tourism,Soaltee Hotel Limited,SHL,0.22,32189.0,15756516.0,102.07,,True,36,11,36.0,2081/2082,Falgun,11
265,Microfinance,Chhimek Laghubitta Bittiya Sanstha Limited,CBBL,0.22,36880.0,31938080.0,0.0,,True,36,11,36.0,2081/2082,Falgun,11
325,Microfinance,RSDC Laghubitta Bittiya Sanstha Ltd.,RSDC,0.57,8519.0,5963300.0,,,True,36,11,36.0,2081/2082,Falgun,11
954,Mutual Fund,NIBL Stable Fund,NIBLSTF,-0.21,1925336.0,15980289.0,0.02,,True,36,11,36.0,2081/2082,Falgun,11
982,Mutual Fund,Muktinath Mutual Fund 1,MNMF1,0.0,999800.0,9058188.0,0.0,,True,36,11,36.0,2081/2082,Falgun,11
949,Mutual Fund,NIC Asia Growth Fund-2,NICGF2,-0.92,2735064.0,24615576.0,0.07,,True,36,11,36.0,2081/2082,Falgun,11
922,Commercial Banks,Laxmi Sunrise Bank Limited,LSL,1.3,53326.0,11661863.0,-11.12,,True,36,12,36.0,2081/2082,Chaitra,12
50,Commercial Banks,Standard Chartered Bank Limited,SCB,0.49,35000.0,22031100.0,0.0,,True,36,12,36.0,2081/2082,Chaitra,12
27,Commercial Banks,Nabil Bank Limited,NABIL,0.4,25000.0,12174250.0,-18.56,,True,36,12,36.0,2081/2082,Chaitra,12
37,Commercial Banks,Nepal SBI Bank Limited,SBI,1.63,10000.0,4208700.0,,,True,36,12,36.0,2081/2082,Chaitra,12
46,Commercial Banks,Sanima Bank Limited,SANIMA,0.91,150000.0,45135000.0,7.16,,True,36,12,36.0,2081/2082,Chaitra,12
62,Development Banks,Garima Bikas Bank Limited,GBBL,0.48,30000.0,11875800.0,-9.96,,True,36,12,36.0,2081/2082,Chaitra,12
70,Development Banks,Kamana Sewa Bikas Bank Limited,KSBBL,-0.39,41095.0,17969611.0,7.88,,True,36,12,36.0,2081/2082,Chaitra,12
611,Hydro Power,Mountain Energy Nepal Limited,MEN,-0.33,23787.0,13883996.0,0.0,,True,36,12,36.0,2081/2082,Chaitra,12
176,Hydro Power,Sanima Mai Hydropower Ltd.,SHPC,0.13,43333.0,20579275.0,0.0,,True,36,12,36.0,2081/2082,Chaitra,12
158,Hydro Power,Chilime Hydropower Company Limited,CHCL,0.63,26198.0,12446146.0,-18.82,,True,36,12,36.0,2081/2082,Chaitra,12
853,Hydro Power,Sanima Middle Tamor Hydropower,TAMOR,1.34,29746.0,15609214.0,15.27,,True,36,12,36.0,2081/2082,Chaitra,12
856,Hydro Power,Makar Jitumaya Suri Hydropower Limited,MAKAR,1.94,9000.0,6255090.0,45.0,,True,36,12,36.0,2081/2082,Chaitra,12
152,Hydro Power,Api Power Company Ltd.,API,0.79,69338.0,18935514.0,9.49,,True,36,12,36.0,2081/2082,Chaitra,12
788,Hydro Power,River Falls Power Limited,RFPL,1.13,5650.0,3871606.0,0.0,,True,36,12,36.0,2081/2082,Chaitra,12
760,Hydro Power,Sahas Urja Ltd.,SAHAS,0.76,65000.0,32584500.0,3.17,,True,36,12,36.0,2081/2082,Chaitra,12
826,Non Life Insurance,Himalayan Everest Insurance Limited,HEI,0.77,43000.0,25420740.0,0.0,,True,36,12,36.0,2081/2082,Chaitra,12
1052,Non Life Insurance,Nepal Micro Insurance Company Limited,NMIC,-1.44,2461.0,1088746.0,,,True,36,12,36.0,2081/2082,Chaitra,12
873,Non Life Insurance,Sagarmatha Lumbini Insurance Company Limited,SALICO,0.68,51368.0,36810822.0,33.73,,True,36,12,36.0,2081/2082,Chaitra,12
876,Non Life Insurance,Siddhartha Premier Insurance Company Limited,SPIL,1.26,41417.0,34690051.0,3.54,,True,36,12,36.0,2081/2082,Chaitra,12
249,Life Insurance,National Life Insurance Co. Ltd.,NLICL,0.2,85000.0,53106300.0,3.66,,True,36,12,36.0,2081/2082,Chaitra,12
983,Life Insurance,Guardian Micro-Life Insurance Company Limited,GMLI,-0.32,2625.0,6501469.0,0.0,,True,36,12,36.0,2081/2082,Chaitra,12
1051,Life Insurance,Crest Micro Life Insurance Limited,CREST,14.81,2461.0,900480.0,,,True,36,12,36.0,2081/2082,Chaitra,12
846,Life Insurance,Suryajyoti Life Insurance Company Limited,SJLIC,-0.46,34717.0,15268884.0,0.0,,True,36,12,36.0,2081/2082,Chaitra,12
242,Manufacturing and Processing,Unilever Nepal Limited,UNL,0.92,185.0,8621574.0,0.0,,True,36,12,36.0,2081/2082,Chaitra,12
240,Manufacturing and Processing,Shivam Cement Ltd.,SHIVM,0.96,49097.0,25589847.0,9.1,,True,36,12,36.0,2081/2082,Chaitra,12
945,Others,Himalayan Re-Insurance Limited,HRL,0.22,17000.0,17193970.0,6.25,,True,36,12,36.0,2081/2082,Chaitra,12
149,Hotels and Tourism,Soaltee Hotel Limited,SHL,0.22,45000.0,22163850.0,39.8,,True,36,12,36.0,2081/2082,Chaitra,12
265,Microfinance,Chhimek Laghubitta Bittiya Sanstha Limited,CBBL,0.22,36880.0,31142947.0,0.0,,True,36,12,36.0,2081/2082,Chaitra,12
331,Microfinance,Samudayik Laghubitta Bittiya Sanstha Limited,SLBSL,-0.51,2064.0,3580049.0,,,True,36,12,36.0,2081/2082,Chaitra,12
325,Microfinance,RSDC Laghubitta Bittiya Sanstha Ltd.,RSDC,0.57,8519.0,6001806.0,0.0,,True,36,12,36.0,2081/2082,Chaitra,12
954,Mutual Fund,NIBL Stable Fund,NIBLSTF,-0.21,1925336.0,17077730.0,0.0,,True,36,12,36.0,2081/2082,Chaitra,12
982,Mutual Fund,Muktinath Mutual Fund 1,MNMF1,0.0,999800.0,9018196.0,0.0,,True,36,12,36.0,2081/2082,Chaitra,12
949,Mutual Fund,NIC Asia Growth Fund-2,NICGF2,-0.92,2736264.0,23559233.0,0.04,,True,36,12,36.0,2081/2082,Chaitra,12
13,Commercial Banks,Global IME Bank Limited,GBIME,0.68,83000.0,19754000.0,0.0,,True,37,1,37.0,2082/2083,Baisakh,1
50,Commercial Banks,Standard Chartered Bank Limited,SCB,0.49,60000.0,39060000.0,0.0,,True,37,1,37.0,2082/2083,Baisakh,1
44,Commercial Banks,Prime Commercial Bank Limited,PCBL,0.63,20000.0,4910000.0,0.0,,True,37,1,37.0,2082/2083,Baisakh,1
11,Commercial Banks,Everest Bank Limited,EBL,0.03,62448.0,43588704.0,0.0,,True,37,1,37.0,2082/2083,Baisakh,1
27,Commercial Banks,Nabil Bank Limited,NABIL,0.4,23500.0,12455000.0,9.3,,True,37,1,37.0,2082/2083,Baisakh,1
46,Commercial Banks,Sanima Bank Limited,SANIMA,0.91,90000.0,31500000.0,12.5,,True,37,1,37.0,2082/2083,Baisakh,1
62,Development Banks,Garima Bikas Bank Limited,GBBL,0.48,65000.0,26838500.0,0.0,,True,37,1,37.0,2082/2083,Baisakh,1
1095,Development Banks,Salapa Bikas Bank Limited,SABBL,2.17,1769.0,2848090.0,0.0,,True,37,1,37.0,2082/2083,Baisakh,1
70,Development Banks,Kamana Sewa Bikas Bank Limited,KSBBL,-0.39,12664.0,6144573.0,80.91,,True,37,1,37.0,2082/2083,Baisakh,1
611,Hydro Power,Mountain Energy Nepal Limited,MEN,-0.33,15288.0,9157512.0,27.4,,True,37,1,37.0,2082/2083,Baisakh,1
169,Hydro Power,Ngadi Group Power Ltd.,NGPL,1.01,10100.0,4734880.0,1136.23,,True,37,1,37.0,2082/2083,Baisakh,1
176,Hydro Power,Sanima Mai Hydropower Ltd.,SHPC,0.13,25000.0,13222500.0,108.33,,True,37,1,37.0,2082/2083,Baisakh,1
1023,Hydro Power,Suryakunda Hydro Electric Limited,SKHEL,1.91,417.0,371630.0,,,True,37,1,37.0,2082/2083,Baisakh,1
1004,Hydro Power,Ridge Line Energy Limited,RLEL,2.79,861.0,810201.0,,,True,37,1,37.0,2082/2083,Baisakh,1
1016,Hydro Power,Super Khudi Hydropower Limited,SKHL,6.74,938.0,1068007.0,,,True,37,1,37.0,2082/2083,Baisakh,1
938,Hydro Power,Shikhar Power Development Limited,SIPD,2.0,1276.0,438816.0,,,True,37,1,37.0,2082/2083,Baisakh,1
995,Hydro Power,Bhujung Hydropower Limited,BJHL,3.03,973.0,1206520.0,,,True,37,1,37.0,2082/2083,Baisakh,1
1001,Hydro Power,Solu Hydropower Limited,SOHL,0.44,10263.0,7718802.0,,,True,37,1,37.0,2082/2083,Baisakh,1
178,Hydro Power,Synergy Power Development Ltd.,SPDL,-0.15,1899.0,807075.0,111.23,,True,37,1,37.0,2082/2083,Baisakh,1
856,Hydro Power,Makar Jitumaya Suri Hydropower Limited,MAKAR,1.94,36009.0,19160389.0,0.0,,True,37,1,37.0,2082/2083,Baisakh,1
180,Hydro Power,United Modi Hydropower Ltd.,UMHL,-0.35,40000.0,25560000.0,-37.5,,True,37,1,37.0,2082/2083,Baisakh,1
760,Hydro Power,Sahas Urja Ltd.,SAHAS,0.76,40000.0,24940000.0,-33.33,,True,37,1,37.0,2082/2083,Baisakh,1
826,Non Life Insurance,Himalayan Everest Insurance Limited,HEI,0.77,45000.0,23535000.0,0.0,,True,37,1,37.0,2082/2083,Baisakh,1
873,Non Life Insurance,Sagarmatha Lumbini Insurance Company Limited,SALICO,0.68,71667.0,43501869.0,2.14,,True,37,1,37.0,2082/2083,Baisakh,1
876,Non Life Insurance,Siddhartha Premier Insurance Company Limited,SPIL,1.26,46000.0,34684000.0,2.22,,True,37,1,37.0,2082/2083,Baisakh,1
249,Life Insurance,National Life Insurance Co. Ltd.,NLICL,0.2,50651.0,30086694.0,-9.55,,True,37,1,37.0,2082/2083,Baisakh,1
846,Life Insurance,Suryajyoti Life Insurance Company Limited,SJLIC,-0.46,54000.0,24030000.0,8.0,,True,37,1,37.0,2082/2083,Baisakh,1
242,Manufacturing and Processing,Unilever Nepal Limited,UNL,0.92,225.0,10507500.0,0.0,,True,37,1,37.0,2082/2083,Baisakh,1
238,Manufacturing and Processing,Himalayan Distillery Limited,HDL,0.59,8495.0,9921311.0,,,True,37,1,37.0,2082/2083,Baisakh,1
1040,Manufacturing and Processing,Palpa Cement Industries Limited,PCIL,1.85,3234.0,1173942.0,,,True,37,1,37.0,2082/2083,Baisakh,1
1035,Manufacturing and Processing,SY Panel Nepal Limited,SYPNL,1.54,5102.0,9392782.0,0.0,,True,37,1,37.0,2082/2083,Baisakh,1
1089,Manufacturing and Processing,Shreenagar Agritech Industries Limited,SAIL,2.29,3357.0,4350672.0,0.0,,True,37,1,37.0,2082/2083,Baisakh,1
945,Others,Himalayan Re-Insurance Limited,HRL,0.22,52000.0,38584000.0,-13.33,,True,37,1,37.0,2082/2083,Baisakh,1
149,Hotels and Tourism,Soaltee Hotel Limited,SHL,0.22,36065.0,18321020.0,-16.28,,True,37,1,37.0,2082/2083,Baisakh,1
986,Hotels and Tourism,Hotel Forest Inn Limited,HFIN,4.17,3895.0,3210259.0,0.0,,True,37,1,37.0,2082/2083,Baisakh,1
231,Investment,Citizen Investment Trust,CIT,0.03,2000.0,3592000.0,,,True,37,1,37.0,2082/2083,Baisakh,1
285,Microfinance,Infinity Laghubitta Bittiya Sanstha Limited,ILBS,0.11,26500.0,25652000.0,1.92,,True,37,1,37.0,2082/2083,Baisakh,1
265,Microfinance,Chhimek Laghubitta Bittiya Sanstha Limited,CBBL,0.22,21000.0,19152000.0,5.0,,True,37,1,37.0,2082/2083,Baisakh,1
982,Mutual Fund,Muktinath Mutual Fund 1,MNMF1,0.0,1017719.0,10034709.0,0.0,,True,37,1,37.0,2082/2083,Baisakh,1
878,Mutual Fund,Siddhartha Investment Growth Scheme-3,SIGS3,0.93,122000.0,1281000.0,1.92,,True,37,1,37.0,2082/2083,Baisakh,1
949,Mutual Fund,NIC Asia Growth Fund-2,NICGF2,-0.92,2611564.0,25097130.0,0.0,,True,37,1,37.0,2082/2083,Baisakh,1
13,Commercial Banks,Global IME Bank Limited,GBIME,0.68,83000.0,19754000.0,0.0,,True,37,2,37.0,2082/2083,Jestha,2
50,Commercial Banks,Standard Chartered Bank Limited,SCB,0.49,60000.0,39060000.0,0.0,,True,37,2,37.0,2082/2083,Jestha,2
44,Commercial Banks,Prime Commercial Bank Limited,PCBL,0.63,20000.0,4910000.0,0.0,,True,37,2,37.0,2082/2083,Jestha,2
11,Commercial Banks,Everest Bank Limited,EBL,0.03,62448.0,43588704.0,0.0,,True,37,2,37.0,2082/2083,Jestha,2
27,Commercial Banks,Nabil Bank Limited,NABIL,0.4,23500.0,12455000.0,9.3,,True,37,2,37.0,2082/2083,Jestha,2
46,Commercial Banks,Sanima Bank Limited,SANIMA,0.91,90000.0,31500000.0,12.5,,True,37,2,37.0,2082/2083,Jestha,2
62,Development Banks,Garima Bikas Bank Limited,GBBL,0.48,65000.0,26838500.0,0.0,,True,37,2,37.0,2082/2083,Jestha,2
1095,Development Banks,Salapa Bikas Bank Limited,SABBL,2.17,1769.0,2848090.0,0.0,,True,37,2,37.0,2082/2083,Jestha,2
70,Development Banks,Kamana Sewa Bikas Bank Limited,KSBBL,-0.39,12664.0,6144573.0,80.91,,True,37,2,37.0,2082/2083,Jestha,2
611,Hydro Power,Mountain Energy Nepal Limited,MEN,-0.33,15288.0,9157512.0,27.4,,True,37,2,37.0,2082/2083,Jestha,2
169,Hydro Power,Ngadi Group Power Ltd.,NGPL,1.01,10100.0,4734880.0,1136.23,,True,37,2,37.0,2082/2083,Jestha,2
176,Hydro Power,Sanima Mai Hydropower Ltd.,SHPC,0.13,25000.0,13222500.0,108.33,,True,37,2,37.0,2082/2083,Jestha,2
1023,Hydro Power,Suryakunda Hydro Electric Limited,SKHEL,1.91,417.0,371630.0,,,True,37,2,37.0,2082/2083,Jestha,2
1004,Hydro Power,Ridge Line Energy Limited,RLEL,2.79,861.0,810201.0,,,True,37,2,37.0,2082/2083,Jestha,2
1016,Hydro Power,Super Khudi Hydropower Limited,SKHL,6.74,938.0,1068007.0,,,True,37,2,37.0,2082/2083,Jestha,2
938,Hydro Power,Shikhar Power Development Limited,SIPD,2.0,1276.0,438816.0,,,True,37,2,37.0,2082/2083,Jestha,2
995,Hydro Power,Bhujung Hydropower Limited,BJHL,3.03,973.0,1206520.0,,,True,37,2,37.0,2082/2083,Jestha,2
1001,Hydro Power,Solu Hydropower Limited,SOHL,0.44,10263.0,7718802.0,,,True,37,2,37.0,2082/2083,Jestha,2
178,Hydro Power,Synergy Power Development Ltd.,SPDL,-0.15,1899.0,807075.0,111.23,,True,37,2,37.0,2082/2083,Jestha,2
856,Hydro Power,Makar Jitumaya Suri Hydropower Limited,MAKAR,1.94,36009.0,19160389.0,0.0,,True,37,2,37.0,2082/2083,Jestha,2
180,Hydro Power,United Modi Hydropower Ltd.,UMHL,-0.35,40000.0,25560000.0,-37.5,,True,37,2,37.0,2082/2083,Jestha,2
760,Hydro Power,Sahas Urja Ltd.,SAHAS,0.76,40000.0,24940000.0,-33.33,,True,37,2,37.0,2082/2083,Jestha,2
826,Non Life Insurance,Himalayan Everest Insurance Limited,HEI,0.77,45000.0,23535000.0,0.0,,True,37,2,37.0,2082/2083,Jestha,2
873,Non Life Insurance,Sagarmatha Lumbini Insurance Company Limited,SALICO,0.68,71667.0,43501869.0,2.14,,True,37,2,37.0,2082/2083,Jestha,2
876,Non Life Insurance,Siddhartha Premier Insurance Company Limited,SPIL,1.26,46000.0,34684000.0,2.22,,True,37,2,37.0,2082/2083,Jestha,2
249,Life Insurance,National Life Insurance Co. Ltd.,NLICL,0.2,50651.0,30086694.0,-9.55,,True,37,2,37.0,2082/2083,Jestha,2
846,Life Insurance,Suryajyoti Life Insurance Company Limited,SJLIC,-0.46,54000.0,24030000.0,8.0,,True,37,2,37.0,2082/2083,Jestha,2
242,Manufacturing and Processing,Unilever Nepal Limited,UNL,0.92,225.0,10507500.0,0.0,,True,37,2,37.0,2082/2083,Jestha,2
238,Manufacturing and Processing,Himalayan Distillery Limited,HDL,0.59,8495.0,9921311.0,,,True,37,2,37.0,2082/2083,Jestha,2
1040,Manufacturing and Processing,Palpa Cement Industries Limited,PCIL,1.85,3234.0,1173942.0,,,True,37,2,37.0,2082/2083,Jestha,2
1035,Manufacturing and Processing,SY Panel Nepal Limited,SYPNL,1.54,5102.0,9392782.0,0.0,,True,37,2,37.0,2082/2083,Jestha,2
1089,Manufacturing and Processing,Shreenagar Agritech Industries Limited,SAIL,2.29,3357.0,4350672.0,0.0,,True,37,2,37.0,2082/2083,Jestha,2
945,Others,Himalayan Re-Insurance Limited,HRL,0.22,52000.0,38584000.0,-13.33,,True,37,2,37.0,2082/2083,Jestha,2
149,Hotels and Tourism,Soaltee Hotel Limited,SHL,0.22,36065.0,18321020.0,-16.28,,True,37,2,37.0,2082/2083,Jestha,2
986,Hotels and Tourism,Hotel Forest Inn Limited,HFIN,4.17,3895.0,3210259.0,0.0,,True,37,2,37.0,2082/2083,Jestha,2
231,Investment,Citizen Investment Trust,CIT,0.03,2000.0,3592000.0,,,True,37,2,37.0,2082/2083,Jestha,2
285,Microfinance,Infinity Laghubitta Bittiya Sanstha Limited,ILBS,0.11,26500.0,25652000.0,1.92,,True,37,2,37.0,2082/2083,Jestha,2
265,Microfinance,Chhimek Laghubitta Bittiya Sanstha Limited,CBBL,0.22,21000.0,19152000.0,5.0,,True,37,2,37.0,2082/2083,Jestha,2
982,Mutual Fund,Muktinath Mutual Fund 1,MNMF1,0.0,1017719.0,10034709.0,0.0,,True,37,2,37.0,2082/2083,Jestha,2
878,Mutual Fund,Siddhartha Investment Growth Scheme-3,SIGS3,0.93,122000.0,1281000.0,1.92,,True,37,2,37.0,2082/2083,Jestha,2
949,Mutual Fund,NIC Asia Growth Fund-2,NICGF2,-0.92,2611564.0,25097130.0,0.0,,True,37,2,37.0,2082/2083,Jestha,2
13,Commercial Banks,Global IME Bank Limited,GBIME,0.68,83000.0,19754000.0,0.0,,True,37,3,37.0,2082/2083,Ashadh,3
50,Commercial Banks,Standard Chartered Bank Limited,SCB,0.49,60000.0,39060000.0,0.0,,True,37,3,37.0,2082/2083,Ashadh,3
44,Commercial Banks,Prime Commercial Bank Limited,PCBL,0.63,20000.0,4910000.0,0.0,,True,37,3,37.0,2082/2083,Ashadh,3
11,Commercial Banks,Everest Bank Limited,EBL,0.03,62448.0,43588704.0,0.0,,True,37,3,37.0,2082/2083,Ashadh,3
27,Commercial Banks,Nabil Bank Limited,NABIL,0.4,23500.0,12455000.0,9.3,,True,37,3,37.0,2082/2083,Ashadh,3
46,Commercial Banks,Sanima Bank Limited,SANIMA,0.91,90000.0,31500000.0,12.5,,True,37,3,37.0,2082/2083,Ashadh,3
62,Development Banks,Garima Bikas Bank Limited,GBBL,0.48,65000.0,26838500.0,0.0,,True,37,3,37.0,2082/2083,Ashadh,3
1095,Development Banks,Salapa Bikas Bank Limited,SABBL,2.17,1769.0,2848090.0,0.0,,True,37,3,37.0,2082/2083,Ashadh,3
70,Development Banks,Kamana Sewa Bikas Bank Limited,KSBBL,-0.39,12664.0,6144573.0,80.91,,True,37,3,37.0,2082/2083,Ashadh,3
611,Hydro Power,Mountain Energy Nepal Limited,MEN,-0.33,15288.0,9157512.0,27.4,,True,37,3,37.0,2082/2083,Ashadh,3
169,Hydro Power,Ngadi Group Power Ltd.,NGPL,1.01,10100.0,4734880.0,1136.23,,True,37,3,37.0,2082/2083,Ashadh,3
176,Hydro Power,Sanima Mai Hydropower Ltd.,SHPC,0.13,25000.0,13222500.0,108.33,,True,37,3,37.0,2082/2083,Ashadh,3
1023,Hydro Power,Suryakunda Hydro Electric Limited,SKHEL,1.91,417.0,371630.0,,,True,37,3,37.0,2082/2083,Ashadh,3
1004,Hydro Power,Ridge Line Energy Limited,RLEL,2.79,861.0,810201.0,,,True,37,3,37.0,2082/2083,Ashadh,3
1016,Hydro Power,Super Khudi Hydropower Limited,SKHL,6.74,938.0,1068007.0,,,True,37,3,37.0,2082/2083,Ashadh,3
938,Hydro Power,Shikhar Power Development Limited,SIPD,2.0,1276.0,438816.0,,,True,37,3,37.0,2082/2083,Ashadh,3
995,Hydro Power,Bhujung Hydropower Limited,BJHL,3.03,973.0,1206520.0,,,True,37,3,37.0,2082/2083,Ashadh,3
1001,Hydro Power,Solu Hydropower Limited,SOHL,0.44,10263.0,7718802.0,,,True,37,3,37.0,2082/2083,Ashadh,3
178,Hydro Power,Synergy Power Development Ltd.,SPDL,-0.15,1899.0,807075.0,111.23,,True,37,3,37.0,2082/2083,Ashadh,3
856,Hydro Power,Makar Jitumaya Suri Hydropower Limited,MAKAR,1.94,36009.0,19160389.0,0.0,,True,37,3,37.0,2082/2083,Ashadh,3
180,Hydro Power,United Modi Hydropower Ltd.,UMHL,-0.35,40000.0,25560000.0,-37.5,,True,37,3,37.0,2082/2083,Ashadh,3
760,Hydro Power,Sahas Urja Ltd.,SAHAS,0.76,40000.0,24940000.0,-33.33,,True,37,3,37.0,2082/2083,Ashadh,3
826,Non Life Insurance,Himalayan Everest Insurance Limited,HEI,0.77,45000.0,23535000.0,0.0,,True,37,3,37.0,2082/2083,Ashadh,3
873,Non Life Insurance,Sagarmatha Lumbini Insurance Company Limited,SALICO,0.68,71667.0,43501869.0,2.14,,True,37,3,37.0,2082/2083,Ashadh,3
876,Non Life Insurance,Siddhartha Premier Insurance Company Limited,SPIL,1.26,46000.0,34684000.0,2.22,,True,37,3,37.0,2082/2083,Ashadh,3
249,Life Insurance,National Life Insurance Co. Ltd.,NLICL,0.2,50651.0,30086694.0,-9.55,,True,37,3,37.0,2082/2083,Ashadh,3
846,Life Insurance,Suryajyoti Life Insurance Company Limited,SJLIC,-0.46,54000.0,24030000.0,8.0,,True,37,3,37.0,2082/2083,Ashadh,3
242,Manufacturing and Processing,Unilever Nepal Limited,UNL,0.92,225.0,10507500.0,0.0,,True,37,3,37.0,2082/2083,Ashadh,3
238,Manufacturing and Processing,Himalayan Distillery Limited,HDL,0.59,8495.0,9921311.0,,,True,37,3,37.0,2082/2083,Ashadh,3
1040,Manufacturing and Processing,Palpa Cement Industries Limited,PCIL,1.85,3234.0,1173942.0,,,True,37,3,37.0,2082/2083,Ashadh,3
1035,Manufacturing and Processing,SY Panel Nepal Limited,SYPNL,1.54,5102.0,9392782.0,0.0,,True,37,3,37.0,2082/2083,Ashadh,3
1089,Manufacturing and Processing,Shreenagar Agritech Industries Limited,SAIL,2.29,3357.0,4350672.0,0.0,,True,37,3,37.0,2082/2083,Ashadh,3
945,Others,Himalayan Re-Insurance Limited,HRL,0.22,52000.0,38584000.0,-13.33,,True,37,3,37.0,2082/2083,Ashadh,3
149,Hotels and Tourism,Soaltee Hotel Limited,SHL,0.22,36065.0,18321020.0,-16.28,,True,37,3,37.0,2082/2083,Ashadh,3
986,Hotels and Tourism,Hotel Forest Inn Limited,HFIN,4.17,3895.0,3210259.0,0.0,,True,37,3,37.0,2082/2083,Ashadh,3
231,Investment,Citizen Investment Trust,CIT,0.03,2000.0,3592000.0,,,True,37,3,37.0,2082/2083,Ashadh,3
285,Microfinance,Infinity Laghubitta Bittiya Sanstha Limited,ILBS,0.11,26500.0,25652000.0,1.92,,True,37,3,37.0,2082/2083,Ashadh,3
265,Microfinance,Chhimek Laghubitta Bittiya Sanstha Limited,CBBL,0.22,21000.0,19152000.0,5.0,,True,37,3,37.0,2082/2083,Ashadh,3
982,Mutual Fund,Muktinath Mutual Fund 1,MNMF1,0.0,1017719.0,10034709.0,0.0,,True,37,3,37.0,2082/2083,Ashadh,3
878,Mutual Fund,Siddhartha Investment Growth Scheme-3,SIGS3,0.93,122000.0,1281000.0,1.92,,True,37,3,37.0,2082/2083,Ashadh,3
949,Mutual Fund,NIC Asia Growth Fund-2,NICGF2,-0.92,2611564.0,25097130.0,0.0,,True,37,3,37.0,2082/2083,Ashadh,3
13,Commercial Banks,Global IME Bank Limited,GBIME,0.68,50000.0,12547500.0,62.34,,True,37,4,37.0,2082/2083,Shrawan,4
50,Commercial Banks,Standard Chartered Bank Limited,SCB,0.49,41991.0,26767583.0,,,True,37,4,37.0,2082/2083,Shrawan,4
11,Commercial Banks,Everest Bank Limited,EBL,0.03,6500.0,4651985.0,-40.74,,True,37,4,37.0,2082/2083,Shrawan,4
27,Commercial Banks,Nabil Bank Limited,NABIL,0.4,18500.0,9690670.0,76.97,,True,37,4,37.0,2082/2083,Shrawan,4
46,Commercial Banks,Sanima Bank Limited,SANIMA,0.91,120000.0,44139600.0,2973.77,,True,37,4,37.0,2082/2083,Shrawan,4
62,Development Banks,Garima Bikas Bank Limited,GBBL,0.48,30000.0,12709200.0,,,True,37,4,37.0,2082/2083,Shrawan,4
70,Development Banks,Kamana Sewa Bikas Bank Limited,KSBBL,-0.39,30000.0,15721500.0,77.86,,True,37,4,37.0,2082/2083,Shrawan,4
611,Hydro Power,Mountain Energy Nepal Limited,MEN,-0.33,33000.0,20569890.0,,,True,37,4,37.0,2082/2083,Shrawan,4
853,Hydro Power,Sanima Middle Tamor Hydropower,TAMOR,1.34,32246.0,16598306.0,,,True,37,4,37.0,2082/2083,Shrawan,4
176,Hydro Power,Sanima Mai Hydropower Ltd.,SHPC,0.13,13530.0,7683958.0,,,True,37,4,37.0,2082/2083,Shrawan,4
169,Hydro Power,Ngadi Group Power Ltd.,NGPL,1.01,6000.0,2472060.0,-28.38,,True,37,4,37.0,2082/2083,Shrawan,4
996,Hydro Power,Sanvi Energy Limited,SANVI,4.69,4607.0,3247428.0,,,True,37,4,37.0,2082/2083,Shrawan,4
856,Hydro Power,Makar Jitumaya Suri Hydropower Limited,MAKAR,1.94,16757.0,10277068.0,,,True,37,4,37.0,2082/2083,Shrawan,4
617,Hydro Power,United IDI Mardi and RB Hydropower Ltd,UMRH,0.57,65500.0,39678590.0,2.34,,True,37,4,37.0,2082/2083,Shrawan,4
152,Hydro Power,Api Power Company Ltd.,API,0.79,53000.0,15862370.0,,,True,37,4,37.0,2082/2083,Shrawan,4
788,Hydro Power,River Falls Power Limited,RFPL,1.13,28920.0,11222695.0,,,True,37,4,37.0,2082/2083,Shrawan,4
760,Hydro Power,Sahas Urja Ltd.,SAHAS,0.76,26200.0,16815684.0,,,True,37,4,37.0,2082/2083,Shrawan,4
826,Non Life Insurance,Himalayan Everest Insurance Limited,HEI,0.77,47000.0,26932880.0,,,True,37,4,37.0,2082/2083,Shrawan,4
1052,Non Life Insurance,Nepal Micro Insurance Company Limited,NMIC,-1.44,2461.0,3727406.0,34.63,,True,37,4,37.0,2082/2083,Shrawan,4
873,Non Life Insurance,Sagarmatha Lumbini Insurance Company Limited,SALICO,0.68,67000.0,46225310.0,241.33,,True,37,4,37.0,2082/2083,Shrawan,4
876,Non Life Insurance,Siddhartha Premier Insurance Company Limited,SPIL,1.26,41417.0,33636402.0,314.17,,True,37,4,37.0,2082/2083,Shrawan,4
249,Life Insurance,National Life Insurance Co. Ltd.,NLICL,0.2,89416.0,55040019.0,291.57,,True,37,4,37.0,2082/2083,Shrawan,4
1051,Life Insurance,Crest Micro Life Insurance Limited,CREST,14.81,2461.0,3192409.0,34.63,,True,37,4,37.0,2082/2083,Shrawan,4
846,Life Insurance,Suryajyoti Life Insurance Company Limited,SJLIC,-0.46,34717.0,15237638.0,,,True,37,4,37.0,2082/2083,Shrawan,4
242,Manufacturing and Processing,Unilever Nepal Limited,UNL,0.92,185.0,8861500.0,,,True,37,4,37.0,2082/2083,Shrawan,4
1039,Manufacturing and Processing,Om Megashree Pharmaceuticals Limited,OMPL,1.72,1969.0,2675556.0,34.68,,True,37,4,37.0,2082/2083,Shrawan,4
945,Others,Himalayan Re-Insurance Limited,HRL,0.22,34500.0,34741845.0,27500.0,,True,37,4,37.0,2082/2083,Shrawan,4
891,Others,Trade Tower Ltd.,TTL,4.52,6289.0,5902918.0,,,True,37,4,37.0,2082/2083,Shrawan,4
1060,Others,Pure Energy Limited,PURE,1.65,2565.0,2222162.0,32.56,,True,37,4,37.0,2082/2083,Shrawan,4
235,Tradings,Salt Trading Corporation,STC,-0.5,35860.0,20112081.0,3429.53,,True,37,4,37.0,2082/2083,Shrawan,4
265,Microfinance,Chhimek Laghubitta Bittiya Sanstha Limited,CBBL,0.22,24212.0,25319457.0,170.71,,True,37,4,37.0,2082/2083,Shrawan,4
331,Microfinance,Samudayik Laghubitta Bittiya Sanstha Limited,SLBSL,-0.51,5744.0,8648626.0,,,True,37,4,37.0,2082/2083,Shrawan,4
285,Microfinance,Infinity Laghubitta Bittiya Sanstha Limited,ILBS,0.11,3000.0,3705660.0,-86.56,,True,37,4,37.0,2082/2083,Shrawan,4
954,Mutual Fund,NIBL Stable Fund,NIBLSTF,-0.21,1930336.0,17083474.0,179.6,,True,37,4,37.0,2082/2083,Shrawan,4
764,Mutual Fund,Mega Mutual Fund - 1,MMF1,1.16,999800.0,9188162.0,,,True,37,4,37.0,2082/2083,Shrawan,4
949,Mutual Fund,NIC Asia Growth Fund-2,NICGF2,-0.92,2739664.0,23999457.0,,,True,37,4,37.0,2082/2083,Shrawan,4
13,Commercial Banks,Global IME Bank Limited,GBIME,0.68,50000.0,12249000.0,0.0,,True,37,5,37.0,2082/2083,Bhadra,5
50,Commercial Banks,Standard Chartered Bank Limited,SCB,0.49,41991.0,26525715.0,0.0,,True,37,5,37.0,2082/2083,Bhadra,5
11,Commercial Banks,Everest Bank Limited,EBL,0.03,8500.0,6048260.0,30.77,,True,37,5,37.0,2082/2083,Bhadra,5
27,Commercial Banks,Nabil Bank Limited,NABIL,0.4,18500.0,9493275.0,0.0,,True,37,5,37.0,2082/2083,Bhadra,5
46,Commercial Banks,Sanima Bank Limited,SANIMA,0.91,106013.0,38711707.0,-11.66,,True,37,5,37.0,2082/2083,Bhadra,5
62,Development Banks,Garima Bikas Bank Limited,GBBL,0.48,30000.0,12794100.0,0.0,,True,37,5,37.0,2082/2083,Bhadra,5
70,Development Banks,Kamana Sewa Bikas Bank Limited,KSBBL,-0.39,20000.0,10466800.0,-33.33,,True,37,5,37.0,2082/2083,Bhadra,5
611,Hydro Power,Mountain Energy Nepal Limited,MEN,-0.33,33000.0,20274210.0,0.0,,True,37,5,37.0,2082/2083,Bhadra,5
853,Hydro Power,Sanima Middle Tamor Hydropower,TAMOR,1.34,32246.0,15986922.0,0.0,,True,37,5,37.0,2082/2083,Bhadra,5
176,Hydro Power,Sanima Mai Hydropower Ltd.,SHPC,0.13,13530.0,7276975.0,0.0,,True,37,5,37.0,2082/2083,Bhadra,5
169,Hydro Power,Ngadi Group Power Ltd.,NGPL,1.01,17210.0,6833747.0,186.83,,True,37,5,37.0,2082/2083,Bhadra,5
996,Hydro Power,Sanvi Energy Limited,SANVI,4.69,4607.0,2760468.0,0.0,,True,37,5,37.0,2082/2083,Bhadra,5
1003,Hydro Power,Bikash Hydropower Company Limited,BHCL,6.39,5614.0,2576377.0,,,True,37,5,37.0,2082/2083,Bhadra,5
156,Hydro Power,Butwal Power Company Limited,BPCL,-0.4,1000.0,800210.0,,,True,37,5,37.0,2082/2083,Bhadra,5
856,Hydro Power,Makar Jitumaya Suri Hydropower Limited,MAKAR,1.94,16757.0,9393136.0,0.0,,True,37,5,37.0,2082/2083,Bhadra,5
993,Hydro Power,Him Star Urja Company Limited,HIMSTAR,4.32,1476.0,635418.0,,,True,37,5,37.0,2082/2083,Bhadra,5
617,Hydro Power,United IDI Mardi and RB Hydropower Ltd,UMRH,0.57,66000.0,37982340.0,0.76,,True,37,5,37.0,2082/2083,Bhadra,5
152,Hydro Power,Api Power Company Ltd.,API,0.79,53000.0,15225840.0,0.0,,True,37,5,37.0,2082/2083,Bhadra,5
788,Hydro Power,River Falls Power Limited,RFPL,1.13,28920.0,10007766.0,0.0,,True,37,5,37.0,2082/2083,Bhadra,5
760,Hydro Power,Sahas Urja Ltd.,SAHAS,0.76,20000.0,12415400.0,-23.66,,True,37,5,37.0,2082/2083,Bhadra,5
826,Non Life Insurance,Himalayan Everest Insurance Limited,HEI,0.77,47000.0,26792350.0,0.0,,True,37,5,37.0,2082/2083,Bhadra,5
1052,Non Life Insurance,Nepal Micro Insurance Company Limited,NMIC,-1.44,2461.0,2953126.0,0.0,,True,37,5,37.0,2082/2083,Bhadra,5
873,Non Life Insurance,Sagarmatha Lumbini Insurance Company Limited,SALICO,0.68,67000.0,44657510.0,0.0,,True,37,5,37.0,2082/2083,Bhadra,5
876,Non Life Insurance,Siddhartha Premier Insurance Company Limited,SPIL,1.26,41417.0,33468664.0,0.0,,True,37,5,37.0,2082/2083,Bhadra,5
249,Life Insurance,National Life Insurance Co. Ltd.,NLICL,0.2,89417.0,51840400.0,0.0,,True,37,5,37.0,2082/2083,Bhadra,5
1051,Life Insurance,Crest Micro Life Insurance Limited,CREST,14.81,2461.0,2748716.0,0.0,,True,37,5,37.0,2082/2083,Bhadra,5
846,Life Insurance,Suryajyoti Life Insurance Company Limited,SJLIC,-0.46,34717.0,14798121.0,0.0,,True,37,5,37.0,2082/2083,Bhadra,5
242,Manufacturing and Processing,Unilever Nepal Limited,UNL,0.92,225.0,10800698.0,21.62,,True,37,5,37.0,2082/2083,Bhadra,5
238,Manufacturing and Processing,Himalayan Distillery Limited,HDL,0.59,1000.0,1370040.0,,,True,37,5,37.0,2082/2083,Bhadra,5
1039,Manufacturing and Processing,Om Megashree Pharmaceuticals Limited,OMPL,1.72,1969.0,2343858.0,0.0,,True,37,5,37.0,2082/2083,Bhadra,5
240,Manufacturing and Processing,Shivam Cement Ltd.,SHIVM,0.96,3500.0,2026780.0,,,True,37,5,37.0,2082/2083,Bhadra,5
945,Others,Himalayan Re-Insurance Limited,HRL,0.22,34501.0,33655380.0,0.0,,True,37,5,37.0,2082/2083,Bhadra,5
891,Others,Trade Tower Ltd.,TTL,4.52,6289.0,4838191.0,0.0,,True,37,5,37.0,2082/2083,Bhadra,5
573,Others,Nepal Reinsurance Company Limited,NRIC,-0.42,3000.0,4895580.0,,,True,37,5,37.0,2082/2083,Bhadra,5
1060,Others,Pure Energy Limited,PURE,1.65,2565.0,1990107.0,0.0,,True,37,5,37.0,2082/2083,Bhadra,5
235,Tradings,Salt Trading Corporation,STC,-0.5,35860.0,19518957.0,0.0,,True,37,5,37.0,2082/2083,Bhadra,5
265,Microfinance,Chhimek Laghubitta Bittiya Sanstha Limited,CBBL,0.22,24212.0,24538862.0,0.0,,True,37,5,37.0,2082/2083,Bhadra,5
331,Microfinance,Samudayik Laghubitta Bittiya Sanstha Limited,SLBSL,-0.51,5744.0,8306054.0,0.0,,True,37,5,37.0,2082/2083,Bhadra,5
285,Microfinance,Infinity Laghubitta Bittiya Sanstha Limited,ILBS,0.11,4500.0,5517945.0,50.0,,True,37,5,37.0,2082/2083,Bhadra,5
954,Mutual Fund,NIBL Stable Fund,NIBLSTF,-0.21,1930336.0,16639496.0,0.0,,True,37,5,37.0,2082/2083,Bhadra,5
764,Mutual Fund,Mega Mutual Fund - 1,MMF1,1.16,999800.0,9008198.0,0.0,,True,37,5,37.0,2082/2083,Bhadra,5
949,Mutual Fund,NIC Asia Growth Fund-2,NICGF2,-0.92,2677664.0,23295677.0,-2.26,,True,37,5,37.0,2082/2083,Bhadra,5
13,Commercial Banks,Global IME Bank Limited,GBIME,0.68,60247.0,14218292.0,20.49,,True,37,6,37.0,2082/2083,Ashwin,6
50,Commercial Banks,Standard Chartered Bank Limited,SCB,0.49,41991.0,25740483.0,0.0,,True,37,6,37.0,2082/2083,Ashwin,6
11,Commercial Banks,Everest Bank Limited,EBL,0.03,35030.0,22422703.0,312.12,,True,37,6,37.0,2082/2083,Ashwin,6
27,Commercial Banks,Nabil Bank Limited,NABIL,0.4,18500.0,9416500.0,0.0,,True,37,6,37.0,2082/2083,Ashwin,6
46,Commercial Banks,Sanima Bank Limited,SANIMA,0.91,110000.0,33550000.0,3.76,,True,37,6,37.0,2082/2083,Ashwin,6
62,Development Banks,Garima Bikas Bank Limited,GBBL,0.48,36038.0,14523314.0,20.13,,True,37,6,37.0,2082/2083,Ashwin,6
70,Development Banks,Kamana Sewa Bikas Bank Limited,KSBBL,-0.39,19000.0,7847000.0,-5.0,,True,37,6,37.0,2082/2083,Ashwin,6
611,Hydro Power,Mountain Energy Nepal Limited,MEN,-0.33,18963.0,11345563.0,-42.54,,True,37,6,37.0,2082/2083,Ashwin,6
853,Hydro Power,Sanima Middle Tamor Hydropower,TAMOR,1.34,28000.0,12717600.0,-13.17,,True,37,6,37.0,2082/2083,Ashwin,6
169,Hydro Power,Ngadi Group Power Ltd.,NGPL,1.01,17210.0,6023500.0,0.0,,True,37,6,37.0,2082/2083,Ashwin,6
996,Hydro Power,Sanvi Energy Limited,SANVI,4.69,4607.0,2594662.0,0.0,,True,37,6,37.0,2082/2083,Ashwin,6
1003,Hydro Power,Bikash Hydropower Company Limited,BHCL,6.39,5614.0,2245600.0,0.0,,True,37,6,37.0,2082/2083,Ashwin,6
856,Hydro Power,Makar Jitumaya Suri Hydropower Limited,MAKAR,1.94,16757.0,9048780.0,0.0,,True,37,6,37.0,2082/2083,Ashwin,6
993,Hydro Power,Him Star Urja Company Limited,HIMSTAR,4.32,1476.0,888552.0,0.0,,True,37,6,37.0,2082/2083,Ashwin,6
617,Hydro Power,United IDI Mardi and RB Hydropower Ltd,UMRH,0.57,66000.0,33660000.0,0.0,,True,37,6,37.0,2082/2083,Ashwin,6
152,Hydro Power,Api Power Company Ltd.,API,0.79,53000.0,14320600.0,0.0,,True,37,6,37.0,2082/2083,Ashwin,6
788,Hydro Power,River Falls Power Limited,RFPL,1.13,28920.0,9051960.0,0.0,,True,37,6,37.0,2082/2083,Ashwin,6
760,Hydro Power,Sahas Urja Ltd.,SAHAS,0.76,10000.0,6149000.0,-50.0,,True,37,6,37.0,2082/2083,Ashwin,6
826,Non Life Insurance,Himalayan Everest Insurance Limited,HEI,0.77,45000.0,20749500.0,-4.26,,True,37,6,37.0,2082/2083,Ashwin,6
873,Non Life Insurance,Sagarmatha Lumbini Insurance Company Limited,SALICO,0.68,67000.0,40334000.0,0.0,,True,37,6,37.0,2082/2083,Ashwin,6
876,Non Life Insurance,Siddhartha Premier Insurance Company Limited,SPIL,1.26,41417.0,26299795.0,0.0,,True,37,6,37.0,2082/2083,Ashwin,6
249,Life Insurance,National Life Insurance Co. Ltd.,NLICL,0.2,91417.0,52839026.0,2.24,,True,37,6,37.0,2082/2083,Ashwin,6
846,Life Insurance,Suryajyoti Life Insurance Company Limited,SJLIC,-0.46,26093.0,10619851.0,-24.84,,True,37,6,37.0,2082/2083,Ashwin,6
242,Manufacturing and Processing,Unilever Nepal Limited,UNL,0.92,225.0,10822500.0,0.0,,True,37,6,37.0,2082/2083,Ashwin,6
238,Manufacturing and Processing,Himalayan Distillery Limited,HDL,0.59,40000.0,31000000.0,3900.0,,True,37,6,37.0,2082/2083,Ashwin,6
891,Others,Trade Tower Ltd.,TTL,4.52,6289.0,4370855.0,0.0,,True,37,6,37.0,2082/2083,Ashwin,6
1060,Others,Pure Energy Limited,PURE,1.65,2565.0,1903230.0,0.0,,True,37,6,37.0,2082/2083,Ashwin,6
235,Tradings,Salt Trading Corporation,STC,-0.5,43860.0,21272100.0,22.31,,True,37,6,37.0,2082/2083,Ashwin,6
265,Microfinance,Chhimek Laghubitta Bittiya Sanstha Limited,CBBL,0.22,20000.0,19200000.0,-17.4,,True,37,6,37.0,2082/2083,Ashwin,6
285,Microfinance,Infinity Laghubitta Bittiya Sanstha Limited,ILBS,0.11,14941.0,17446606.0,232.02,,True,37,6,37.0,2082/2083,Ashwin,6
954,Mutual Fund,NIBL Stable Fund,NIBLSTF,-0.21,1915970.0,16285745.0,-0.74,,True,37,6,37.0,2082/2083,Ashwin,6
764,Mutual Fund,Mega Mutual Fund - 1,MMF1,1.16,999800.0,8898220.0,0.0,,True,37,6,37.0,2082/2083,Ashwin,6
949,Mutual Fund,NIC Asia Growth Fund-2,NICGF2,-0.92,2677664.0,22786921.0,0.0,,True,37,6,37.0,2082/2083,Ashwin,6
13,Commercial Banks,Global IME Bank Limited,GBIME,0.68,60247.0,13615822.0,0.0,,True,37,7,37.0,2082/2083,Kartik,7
50,Commercial Banks,Standard Chartered Bank Limited,SCB,0.49,45000.0,28444500.0,7.17,,True,37,7,37.0,2082/2083,Kartik,7
11,Commercial Banks,Everest Bank Limited,EBL,0.03,47000.0,29704000.0,34.17,,True,37,7,37.0,2082/2083,Kartik,7
27,Commercial Banks,Nabil Bank Limited,NABIL,0.4,18500.0,9314750.0,0.0,,True,37,7,37.0,2082/2083,Kartik,7
46,Commercial Banks,Sanima Bank Limited,SANIMA,0.91,111967.0,33366166.0,1.79,,True,37,7,37.0,2082/2083,Kartik,7
62,Development Banks,Garima Bikas Bank Limited,GBBL,0.48,43400.0,16101400.0,20.43,,True,37,7,37.0,2082/2083,Kartik,7
70,Development Banks,Kamana Sewa Bikas Bank Limited,KSBBL,-0.39,13000.0,5445700.0,-31.58,,True,37,7,37.0,2082/2083,Kartik,7
853,Hydro Power,Sanima Middle Tamor Hydropower,TAMOR,1.34,26747.0,12477476.0,-4.48,,True,37,7,37.0,2082/2083,Kartik,7
169,Hydro Power,Ngadi Group Power Ltd.,NGPL,1.01,17210.0,6341885.0,0.0,,True,37,7,37.0,2082/2083,Kartik,7
996,Hydro Power,Sanvi Energy Limited,SANVI,4.69,4607.0,2632901.0,0.0,,True,37,7,37.0,2082/2083,Kartik,7
994,Hydro Power,Daramkhola Hydro Energy Limited,DHEL,6.05,4622.0,2421928.0,,,True,37,7,37.0,2082/2083,Kartik,7
1003,Hydro Power,Bikash Hydropower Company Limited,BHCL,6.39,5614.0,2470160.0,0.0,,True,37,7,37.0,2082/2083,Kartik,7
856,Hydro Power,Makar Jitumaya Suri Hydropower Limited,MAKAR,1.94,20287.0,11303916.0,21.07,,True,37,7,37.0,2082/2083,Kartik,7
993,Hydro Power,Him Star Urja Company Limited,HIMSTAR,4.32,1476.0,891652.0,0.0,,True,37,7,37.0,2082/2083,Kartik,7
1022,Others,Jhapa Energy Limited,JHAPA,6.69,617.0,192010.0,,,True,37,7,37.0,2082/2083,Kartik,7
1009,Hydro Power,Bungal Hydro Limited,BUNGAL,9.12,2247.0,1093615.0,,,True,37,7,37.0,2082/2083,Kartik,7
1000,Hydro Power,Mabilung Energy Limited,MABEL,9.35,1630.0,885090.0,,,True,37,7,37.0,2082/2083,Kartik,7
617,Hydro Power,United IDI Mardi and RB Hydropower Ltd,UMRH,0.57,58500.0,30829500.0,-11.36,,True,37,7,37.0,2082/2083,Kartik,7
152,Hydro Power,Api Power Company Ltd.,API,0.79,53000.0,14808200.0,0.0,,True,37,7,37.0,2082/2083,Kartik,7
788,Hydro Power,River Falls Power Limited,RFPL,1.13,28920.0,10408308.0,0.0,,True,37,7,37.0,2082/2083,Kartik,7
760,Hydro Power,Sahas Urja Ltd.,SAHAS,0.76,6000.0,4002000.0,-40.0,,True,37,7,37.0,2082/2083,Kartik,7
826,Non Life Insurance,Himalayan Everest Insurance Limited,HEI,0.77,45000.0,21789000.0,0.0,,True,37,7,37.0,2082/2083,Kartik,7
873,Non Life Insurance,Sagarmatha Lumbini Insurance Company Limited,SALICO,0.68,69167.0,40393528.0,3.23,,True,37,7,37.0,2082/2083,Kartik,7
876,Non Life Insurance,Siddhartha Premier Insurance Company Limited,SPIL,1.26,41417.0,26921050.0,0.0,,True,37,7,37.0,2082/2083,Kartik,7
249,Life Insurance,National Life Insurance Co. Ltd.,NLICL,0.2,80000.0,47680000.0,-12.49,,True,37,7,37.0,2082/2083,Kartik,7
846,Life Insurance,Suryajyoti Life Insurance Company Limited,SJLIC,-0.46,26093.0,11094744.0,0.0,,True,37,7,37.0,2082/2083,Kartik,7
242,Manufacturing and Processing,Unilever Nepal Limited,UNL,0.92,225.0,10437750.0,0.0,,True,37,7,37.0,2082/2083,Kartik,7
238,Manufacturing and Processing,Himalayan Distillery Limited,HDL,0.59,2000.0,2248000.0,-95.0,,True,37,7,37.0,2082/2083,Kartik,7
1047,Manufacturing and Processing,Sagar Distillery Limited,SAGAR,2.51,1665.0,941891.0,,,True,37,7,37.0,2082/2083,Kartik,7
945,Others,Himalayan Re-Insurance Limited,HRL,0.22,48515.0,38472395.0,,,True,37,7,37.0,2082/2083,Kartik,7
891,Others,Trade Tower Ltd.,TTL,4.52,6289.0,4446323.0,0.0,,True,37,7,37.0,2082/2083,Kartik,7
149,Hotels and Tourism,Soaltee Hotel Limited,SHL,0.22,46000.0,24656000.0,,,True,37,7,37.0,2082/2083,Kartik,7
989,Hotels and Tourism,Bandipur Cable Car and Tourism Limited,BANDIPUR,1.85,5735.0,2392069.0,,,True,37,7,37.0,2082/2083,Kartik,7
572,Investment,NRN Infrastructure and Development Limited,NRN,1.75,1027.0,1987245.0,,,True,37,7,37.0,2082/2083,Kartik,7
265,Microfinance,Chhimek Laghubitta Bittiya Sanstha Limited,CBBL,0.22,20992.0,20884941.0,4.96,,True,37,7,37.0,2082/2083,Kartik,7
1050,Microfinance,Swastik Laghubita Bittiya Sanstha Limited,SWASTIK,1.6,365.0,160089.0,,,True,37,7,37.0,2082/2083,Kartik,7
285,Microfinance,Infinity Laghubitta Bittiya Sanstha Limited,ILBS,0.11,14941.0,16777249.0,0.0,,True,37,7,37.0,2082/2083,Kartik,7
954,Mutual Fund,NIBL Stable Fund,NIBLSTF,-0.21,1679360.0,14291354.0,-12.35,,True,37,7,37.0,2082/2083,Kartik,7
764,Mutual Fund,Mega Mutual Fund - 1,MMF1,1.16,1000770.0,8756738.0,0.1,,True,37,7,37.0,2082/2083,Kartik,7
878,Mutual Fund,Siddhartha Investment Growth Scheme-3,SIGS3,0.93,100000.0,902000.0,,,True,37,7,37.0,2082/2083,Kartik,7
949,Mutual Fund,NIC Asia Growth Fund-2,NICGF2,-0.92,2611564.0,22903416.0,-2.47,,True,37,7,37.0,2082/2083,Kartik,7
13,Commercial Banks,Global IME Bank Limited,GBIME,0.68,60247.0,13657995.0,0.0,,True,37,8,37.0,2082/2083,Mangsir,8
50,Commercial Banks,Standard Chartered Bank Limited,SCB,0.49,50000.0,31255000.0,11.11,,True,37,8,37.0,2082/2083,Mangsir,8
11,Commercial Banks,Everest Bank Limited,EBL,0.03,50000.0,32310000.0,6.38,,True,37,8,37.0,2082/2083,Mangsir,8
27,Commercial Banks,Nabil Bank Limited,NABIL,0.4,21500.0,10621000.0,16.22,,True,37,8,37.0,2082/2083,Mangsir,8
46,Commercial Banks,Sanima Bank Limited,SANIMA,0.91,111967.0,34709770.0,0.0,,True,37,8,37.0,2082/2083,Mangsir,8
62,Development Banks,Garima Bikas Bank Limited,GBBL,0.48,52000.0,19656000.0,19.82,,True,37,8,37.0,2082/2083,Mangsir,8
70,Development Banks,Kamana Sewa Bikas Bank Limited,KSBBL,-0.39,13584.0,5853346.0,4.49,,True,37,8,37.0,2082/2083,Mangsir,8
611,Hydro Power,Mountain Energy Nepal Limited,MEN,-0.33,4097.0,2240649.0,,,True,37,8,37.0,2082/2083,Mangsir,8
169,Hydro Power,Ngadi Group Power Ltd.,NGPL,1.01,9817.0,3919928.0,-42.96,,True,37,8,37.0,2082/2083,Mangsir,8
996,Hydro Power,Sanvi Energy Limited,SANVI,4.69,4000.0,2560000.0,-13.18,,True,37,8,37.0,2082/2083,Mangsir,8
994,Hydro Power,Daramkhola Hydro Energy Limited,DHEL,6.05,4622.0,2675676.0,0.0,,True,37,8,37.0,2082/2083,Mangsir,8
1003,Hydro Power,Bikash Hydropower Company Limited,BHCL,6.39,5614.0,2851351.0,0.0,,True,37,8,37.0,2082/2083,Mangsir,8
856,Hydro Power,Makar Jitumaya Suri Hydropower Limited,MAKAR,1.94,21287.0,12091016.0,4.93,,True,37,8,37.0,2082/2083,Mangsir,8
993,Hydro Power,Him Star Urja Company Limited,HIMSTAR,4.32,1476.0,1284120.0,0.0,,True,37,8,37.0,2082/2083,Mangsir,8
1022,Others,Jhapa Energy Limited,JHAPA,6.69,617.0,777420.0,0.0,,True,37,8,37.0,2082/2083,Mangsir,8
1009,Hydro Power,Bungal Hydro Limited,BUNGAL,9.12,2247.0,1334718.0,0.0,,True,37,8,37.0,2082/2083,Mangsir,8
1000,Hydro Power,Mabilung Energy Limited,MABEL,9.35,1630.0,1155670.0,0.0,,True,37,8,37.0,2082/2083,Mangsir,8
617,Hydro Power,United IDI Mardi and RB Hydropower Ltd,UMRH,0.57,63500.0,36004500.0,8.55,,True,37,8,37.0,2082/2083,Mangsir,8
152,Hydro Power,Api Power Company Ltd.,API,0.79,53000.0,15131500.0,0.0,,True,37,8,37.0,2082/2083,Mangsir,8
788,Hydro Power,River Falls Power Limited,RFPL,1.13,25920.0,9587808.0,-10.37,,True,37,8,37.0,2082/2083,Mangsir,8
760,Hydro Power,Sahas Urja Ltd.,SAHAS,0.76,22623.0,12189272.0,277.05,,True,37,8,37.0,2082/2083,Mangsir,8
826,Non Life Insurance,Himalayan Everest Insurance Limited,HEI,0.77,45000.0,21690000.0,0.0,,True,37,8,37.0,2082/2083,Mangsir,8
873,Non Life Insurance,Sagarmatha Lumbini Insurance Company Limited,SALICO,0.68,70167.0,41398530.0,1.45,,True,37,8,37.0,2082/2083,Mangsir,8
876,Non Life Insurance,Siddhartha Premier Insurance Company Limited,SPIL,1.26,41417.0,29737406.0,0.0,,True,37,8,37.0,2082/2083,Mangsir,8
249,Life Insurance,National Life Insurance Co. Ltd.,NLICL,0.2,66000.0,40458000.0,-17.5,,True,37,8,37.0,2082/2083,Mangsir,8
846,Life Insurance,Suryajyoti Life Insurance Company Limited,SJLIC,-0.46,30000.0,13830000.0,14.97,,True,37,8,37.0,2082/2083,Mangsir,8
242,Manufacturing and Processing,Unilever Nepal Limited,UNL,0.92,225.0,10552500.0,0.0,,True,37,8,37.0,2082/2083,Mangsir,8
1035,Manufacturing and Processing,SY Panel Nepal Limited,SYPNL,1.54,5102.0,2387226.0,,,True,37,8,37.0,2082/2083,Mangsir,8
1089,Manufacturing and Processing,Shreenagar Agritech Industries Limited,SAIL,2.29,3357.0,2800074.0,,,True,37,8,37.0,2082/2083,Mangsir,8
1047,Manufacturing and Processing,Sagar Distillery Limited,SAGAR,2.51,1665.0,2950380.0,0.0,,True,37,8,37.0,2082/2083,Mangsir,8
945,Others,Himalayan Re-Insurance Limited,HRL,0.22,51515.0,42494724.0,6.18,,True,37,8,37.0,2082/2083,Mangsir,8
891,Others,Trade Tower Ltd.,TTL,4.52,6289.0,4807941.0,0.0,,True,37,8,37.0,2082/2083,Mangsir,8
149,Hotels and Tourism,Soaltee Hotel Limited,SHL,0.22,55249.0,26851014.0,20.11,,True,37,8,37.0,2082/2083,Mangsir,8
989,Hotels and Tourism,Bandipur Cable Car and Tourism Limited,BANDIPUR,1.85,5735.0,4387275.0,0.0,,True,37,8,37.0,2082/2083,Mangsir,8
265,Microfinance,Chhimek Laghubitta Bittiya Sanstha Limited,CBBL,0.22,25955.0,26136685.0,23.64,,True,37,8,37.0,2082/2083,Mangsir,8
1050,Microfinance,Swastik Laghubita Bittiya Sanstha Limited,SWASTIK,1.6,365.0,849355.0,0.0,,True,37,8,37.0,2082/2083,Mangsir,8
285,Microfinance,Infinity Laghubitta Bittiya Sanstha Limited,ILBS,0.11,23526.0,23208399.0,57.46,,True,37,8,37.0,2082/2083,Mangsir,8
954,Mutual Fund,NIBL Stable Fund,NIBLSTF,-0.21,900000.0,7515000.0,-46.41,,True,37,8,37.0,2082/2083,Mangsir,8
764,Mutual Fund,Mega Mutual Fund - 1,MMF1,1.16,1000770.0,9076984.0,0.0,,True,37,8,37.0,2082/2083,Mangsir,8
878,Mutual Fund,Siddhartha Investment Growth Scheme-3,SIGS3,0.93,120000.0,1153200.0,20.0,,True,37,8,37.0,2082/2083,Mangsir,8
949,Mutual Fund,NIC Asia Growth Fund-2,NICGF2,-0.92,2611564.0,22772838.0,0.0,,True,37,8,37.0,2082/2083,Mangsir,8
13,Commercial Banks,Global IME Bank Limited,GBIME,0.68,74092.0,16744792.0,22.98,,True,37,9,37.0,2082/2083,Poush,9
50,Commercial Banks,Standard Chartered Bank Limited,SCB,0.49,57000.0,35989800.0,14.0,,True,37,9,37.0,2082/2083,Poush,9
11,Commercial Banks,Everest Bank Limited,EBL,0.03,50000.0,33000000.0,0.0,,True,37,9,37.0,2082/2083,Poush,9
27,Commercial Banks,Nabil Bank Limited,NABIL,0.4,21500.0,10481250.0,0.0,,True,37,9,37.0,2082/2083,Poush,9
46,Commercial Banks,Sanima Bank Limited,SANIMA,0.91,80000.0,26960000.0,-28.55,,True,37,9,37.0,2082/2083,Poush,9
62,Development Banks,Garima Bikas Bank Limited,GBBL,0.48,62299.0,24358909.0,19.81,,True,37,9,37.0,2082/2083,Poush,9
611,Hydro Power,Mountain Energy Nepal Limited,MEN,-0.33,10000.0,5760000.0,144.08,,True,37,9,37.0,2082/2083,Poush,9
169,Hydro Power,Ngadi Group Power Ltd.,NGPL,1.01,15000.0,5955000.0,52.8,,True,37,9,37.0,2082/2083,Poush,9
178,Hydro Power,Synergy Power Development Ltd.,SPDL,-0.15,9895.0,3837281.0,,,True,37,9,37.0,2082/2083,Poush,9
994,Hydro Power,Daramkhola Hydro Energy Limited,DHEL,6.05,4622.0,2995056.0,0.0,,True,37,9,37.0,2082/2083,Poush,9
1003,Hydro Power,Bikash Hydropower Company Limited,BHCL,6.39,4500.0,2394000.0,-19.84,,True,37,9,37.0,2082/2083,Poush,9
856,Hydro Power,Makar Jitumaya Suri Hydropower Limited,MAKAR,1.94,26009.0,13503873.0,22.18,,True,37,9,37.0,2082/2083,Poush,9
993,Hydro Power,Him Star Urja Company Limited,HIMSTAR,4.32,1476.0,1326924.0,0.0,,True,37,9,37.0,2082/2083,Poush,9
1022,Others,Jhapa Energy Limited,JHAPA,6.69,617.0,877374.0,0.0,,True,37,9,37.0,2082/2083,Poush,9
1009,Hydro Power,Bungal Hydro Limited,BUNGAL,9.12,2247.0,1431788.0,0.0,,True,37,9,37.0,2082/2083,Poush,9
1000,Hydro Power,Mabilung Energy Limited,MABEL,9.35,1630.0,1181750.0,0.0,,True,37,9,37.0,2082/2083,Poush,9
180,Hydro Power,United Modi Hydropower Ltd.,UMHL,-0.35,66865.0,39042474.0,,,True,37,9,37.0,2082/2083,Poush,9
152,Hydro Power,Api Power Company Ltd.,API,0.79,55650.0,16099545.0,5.0,,True,37,9,37.0,2082/2083,Poush,9
788,Hydro Power,River Falls Power Limited,RFPL,1.13,23920.0,8824088.0,-7.72,,True,37,9,37.0,2082/2083,Poush,9
760,Hydro Power,Sahas Urja Ltd.,SAHAS,0.76,51647.0,28297391.0,128.29,,True,37,9,37.0,2082/2083,Poush,9
826,Non Life Insurance,Himalayan Everest Insurance Limited,HEI,0.77,45000.0,22720500.0,0.0,,True,37,9,37.0,2082/2083,Poush,9
873,Non Life Insurance,Sagarmatha Lumbini Insurance Company Limited,SALICO,0.68,70167.0,42310701.0,0.0,,True,37,9,37.0,2082/2083,Poush,9
876,Non Life Insurance,Siddhartha Premier Insurance Company Limited,SPIL,1.26,45000.0,32265000.0,8.65,,True,37,9,37.0,2082/2083,Poush,9
249,Life Insurance,National Life Insurance Co. Ltd.,NLICL,0.2,56681.0,32704937.0,-14.12,,True,37,9,37.0,2082/2083,Poush,9
846,Life Insurance,Suryajyoti Life Insurance Company Limited,SJLIC,-0.46,42021.0,18552272.0,40.07,,True,37,9,37.0,2082/2083,Poush,9
242,Manufacturing and Processing,Unilever Nepal Limited,UNL,0.92,225.0,10597500.0,0.0,,True,37,9,37.0,2082/2083,Poush,9
1035,Manufacturing and Processing,SY Panel Nepal Limited,SYPNL,1.54,5102.0,7066270.0,0.0,,True,37,9,37.0,2082/2083,Poush,9
1089,Manufacturing and Processing,Shreenagar Agritech Industries Limited,SAIL,2.29,3357.0,3692700.0,0.0,,True,37,9,37.0,2082/2083,Poush,9
1047,Manufacturing and Processing,Sagar Distillery Limited,SAGAR,2.51,1665.0,3338325.0,0.0,,True,37,9,37.0,2082/2083,Poush,9
945,Others,Himalayan Re-Insurance Limited,HRL,0.22,55000.0,46227500.0,6.77,,True,37,9,37.0,2082/2083,Poush,9
149,Hotels and Tourism,Soaltee Hotel Limited,SHL,0.22,45000.0,22410000.0,-18.55,,True,37,9,37.0,2082/2083,Poush,9
989,Hotels and Tourism,Bandipur Cable Car and Tourism Limited,BANDIPUR,1.85,5735.0,4760050.0,0.0,,True,37,9,37.0,2082/2083,Poush,9
265,Microfinance,Chhimek Laghubitta Bittiya Sanstha Limited,CBBL,0.22,15500.0,14258450.0,-40.28,,True,37,9,37.0,2082/2083,Poush,9
1050,Microfinance,Swastik Laghubita Bittiya Sanstha Limited,SWASTIK,1.6,365.0,1038790.0,0.0,,True,37,9,37.0,2082/2083,Poush,9
285,Microfinance,Infinity Laghubitta Bittiya Sanstha Limited,ILBS,0.11,26000.0,25482600.0,10.52,,True,37,9,37.0,2082/2083,Poush,9
954,Mutual Fund,NIBL Stable Fund,NIBLSTF,-0.21,900000.0,7812000.0,0.0,,True,37,9,37.0,2082/2083,Poush,9
982,Mutual Fund,Muktinath Mutual Fund 1,MNMF1,0.0,1000770.0,9207084.0,,,True,37,9,37.0,2082/2083,Poush,9
878,Mutual Fund,Siddhartha Investment Growth Scheme-3,SIGS3,0.93,119700.0,1198197.0,-0.25,,True,37,9,37.0,2082/2083,Poush,9
949,Mutual Fund,NIC Asia Growth Fund-2,NICGF2,-0.92,2611564.0,23765232.0,0.0,,True,37,9,37.0,2082/2083,Poush,9
13,Commercial Banks,Global IME Bank Limited,GBIME,0.68,83000.0,18666700.0,12.02,,True,37,10,37.0,2082/2083,Magh,10
50,Commercial Banks,Standard Chartered Bank Limited,SCB,0.49,60000.0,38256000.0,5.26,,True,37,10,37.0,2082/2083,Magh,10
44,Commercial Banks,Prime Commercial Bank Limited,PCBL,0.63,20000.0,4720000.0,,,True,37,10,37.0,2082/2083,Magh,10
11,Commercial Banks,Everest Bank Limited,EBL,0.03,55000.0,36652000.0,10.0,,True,37,10,37.0,2082/2083,Magh,10
27,Commercial Banks,Nabil Bank Limited,NABIL,0.4,21500.0,10642500.0,0.0,,True,37,10,37.0,2082/2083,Magh,10
46,Commercial Banks,Sanima Bank Limited,SANIMA,0.91,80000.0,26552000.0,0.0,,True,37,10,37.0,2082/2083,Magh,10
70,Development Banks,Kamana Sewa Bikas Bank Limited,KSBBL,-0.39,7000.0,3198300.0,,,True,37,10,37.0,2082/2083,Magh,10
62,Development Banks,Garima Bikas Bank Limited,GBBL,0.48,65000.0,25915500.0,4.34,,True,37,10,37.0,2082/2083,Magh,10
611,Hydro Power,Mountain Energy Nepal Limited,MEN,-0.33,12000.0,6939600.0,20.0,,True,37,10,37.0,2082/2083,Magh,10
1009,Hydro Power,Bungal Hydro Limited,BUNGAL,9.12,2247.0,1453809.0,0.0,,True,37,10,37.0,2082/2083,Magh,10
1022,Others,Jhapa Energy Limited,JHAPA,6.69,617.0,802100.0,0.0,,True,37,10,37.0,2082/2083,Magh,10
152,Hydro Power,Api Power Company Ltd.,API,0.79,17650.0,5347950.0,-68.28,,True,37,10,37.0,2082/2083,Magh,10
169,Hydro Power,Ngadi Group Power Ltd.,NGPL,1.01,817.0,354578.0,-94.55,,True,37,10,37.0,2082/2083,Magh,10
176,Hydro Power,Sanima Mai Hydropower Ltd.,SHPC,0.13,11000.0,6081900.0,,,True,37,10,37.0,2082/2083,Magh,10
178,Hydro Power,Synergy Power Development Ltd.,SPDL,-0.15,899.0,366702.0,-90.91,,True,37,10,37.0,2082/2083,Magh,10
856,Hydro Power,Makar Jitumaya Suri Hydropower Limited,MAKAR,1.94,26009.0,14513022.0,0.0,,True,37,10,37.0,2082/2083,Magh,10
994,Hydro Power,Daramkhola Hydro Energy Limited,DHEL,6.05,4622.0,3332462.0,0.0,,True,37,10,37.0,2082/2083,Magh,10
1000,Hydro Power,Mabilung Energy Limited,MABEL,9.35,1630.0,1230650.0,0.0,,True,37,10,37.0,2082/2083,Magh,10
180,Hydro Power,United Modi Hydropower Ltd.,UMHL,-0.35,60000.0,36840000.0,-10.27,,True,37,10,37.0,2082/2083,Magh,10
760,Hydro Power,Sahas Urja Ltd.,SAHAS,0.76,63863.0,35699417.0,23.65,,True,37,10,37.0,2082/2083,Magh,10
826,Non Life Insurance,Himalayan Everest Insurance Limited,HEI,0.77,45000.0,22590000.0,0.0,,True,37,10,37.0,2082/2083,Magh,10
873,Non Life Insurance,Sagarmatha Lumbini Insurance Company Limited,SALICO,0.68,70167.0,41630081.0,0.0,,True,37,10,37.0,2082/2083,Magh,10
876,Non Life Insurance,Siddhartha Premier Insurance Company Limited,SPIL,1.26,45000.0,31270500.0,0.0,,True,37,10,37.0,2082/2083,Magh,10
249,Life Insurance,National Life Insurance Co. Ltd.,NLICL,0.2,63000.0,36855000.0,11.15,,True,37,10,37.0,2082/2083,Magh,10
846,Life Insurance,Suryajyoti Life Insurance Company Limited,SJLIC,-0.46,45021.0,19629156.0,7.14,,True,37,10,37.0,2082/2083,Magh,10
242,Manufacturing and Processing,Unilever Nepal Limited,UNL,0.92,225.0,10485000.0,0.0,,True,37,10,37.0,2082/2083,Magh,10
1035,Manufacturing and Processing,SY Panel Nepal Limited,SYPNL,1.54,5102.0,9652984.0,0.0,,True,37,10,37.0,2082/2083,Magh,10
1047,Manufacturing and Processing,Sagar Distillery Limited,SAGAR,2.51,1665.0,3271725.0,0.0,,True,37,10,37.0,2082/2083,Magh,10
1089,Manufacturing and Processing,Shreenagar Agritech Industries Limited,SAIL,2.29,3357.0,4709871.0,0.0,,True,37,10,37.0,2082/2083,Magh,10
945,Others,Himalayan Re-Insurance Limited,HRL,0.22,58000.0,48911400.0,5.45,,True,37,10,37.0,2082/2083,Magh,10
149,Hotels and Tourism,Soaltee Hotel Limited,SHL,0.22,42046.0,20665609.0,-6.56,,True,37,10,37.0,2082/2083,Magh,10
989,Hotels and Tourism,Bandipur Cable Car and Tourism Limited,BANDIPUR,1.85,5735.0,5362225.0,0.0,,True,37,10,37.0,2082/2083,Magh,10
265,Microfinance,Chhimek Laghubitta Bittiya Sanstha Limited,CBBL,0.22,20000.0,18384000.0,29.03,,True,37,10,37.0,2082/2083,Magh,10
1050,Microfinance,Swastik Laghubita Bittiya Sanstha Limited,SWASTIK,1.6,365.0,1047550.0,0.0,,True,37,10,37.0,2082/2083,Magh,10
285,Microfinance,Infinity Laghubitta Bittiya Sanstha Limited,ILBS,0.11,26000.0,24856000.0,0.0,,True,37,10,37.0,2082/2083,Magh,10
954,Mutual Fund,NIBL Stable Fund,NIBLSTF,-0.21,1017719.0,9871874.0,13.08,,True,37,10,37.0,2082/2083,Magh,10
982,Mutual Fund,Muktinath Mutual Fund 1,MNMF1,0.0,119700.0,1238895.0,-88.04,,True,37,10,37.0,2082/2083,Magh,10
878,Mutual Fund,Siddhartha Investment Growth Scheme-3,SIGS3,0.93,2611564.0,24000273.0,2081.76,,True,37,10,37.0,2082/2083,Magh,10
13,Commercial Banks,Global IME Bank Limited,GBIME,0.68,83000.0,20276900.0,0.0,,True,37,11,37.0,2082/2083,Falgun,11
50,Commercial Banks,Standard Chartered Bank Limited,SCB,0.49,60000.0,40080000.0,0.0,,True,37,11,37.0,2082/2083,Falgun,11
44,Commercial Banks,Prime Commercial Bank Limited,PCBL,0.63,20000.0,5060000.0,0.0,,True,37,11,37.0,2082/2083,Falgun,11
11,Commercial Banks,Everest Bank Limited,EBL,0.03,62448.0,44088288.0,13.54,,True,37,11,37.0,2082/2083,Falgun,11
27,Commercial Banks,Nabil Bank Limited,NABIL,0.4,21500.0,11373500.0,0.0,,True,37,11,37.0,2082/2083,Falgun,11
46,Commercial Banks,Sanima Bank Limited,SANIMA,0.91,80000.0,28120000.0,0.0,,True,37,11,37.0,2082/2083,Falgun,11
70,Development Banks,Kamana Sewa Bikas Bank Limited,KSBBL,-0.39,7000.0,3416000.0,0.0,,True,37,11,37.0,2082/2083,Falgun,11
1095,Development Banks,Salapa Bikas Bank Limited,SABBL,2.17,1769.0,1678073.0,,,True,37,11,37.0,2082/2083,Falgun,11
62,Development Banks,Garima Bikas Bank Limited,GBBL,0.48,65000.0,27332500.0,0.0,,True,37,11,37.0,2082/2083,Falgun,11
611,Hydro Power,Mountain Energy Nepal Limited,MEN,-0.33,12000.0,7496400.0,0.0,,True,37,11,37.0,2082/2083,Falgun,11
1009,Hydro Power,Bungal Hydro Limited,BUNGAL,9.12,2247.0,1494255.0,0.0,,True,37,11,37.0,2082/2083,Falgun,11
1022,Others,Jhapa Energy Limited,JHAPA,6.69,617.0,903288.0,0.0,,True,37,11,37.0,2082/2083,Falgun,11
169,Hydro Power,Ngadi Group Power Ltd.,NGPL,1.01,817.0,375820.0,0.0,,True,37,11,37.0,2082/2083,Falgun,11
176,Hydro Power,Sanima Mai Hydropower Ltd.,SHPC,0.13,12000.0,6704400.0,9.09,,True,37,11,37.0,2082/2083,Falgun,11
178,Hydro Power,Synergy Power Development Ltd.,SPDL,-0.15,899.0,392683.0,0.0,,True,37,11,37.0,2082/2083,Falgun,11
856,Hydro Power,Makar Jitumaya Suri Hydropower Limited,MAKAR,1.94,36009.0,20345085.0,38.45,,True,37,11,37.0,2082/2083,Falgun,11
180,Hydro Power,United Modi Hydropower Ltd.,UMHL,-0.35,63999.0,40120973.0,6.67,,True,37,11,37.0,2082/2083,Falgun,11
760,Hydro Power,Sahas Urja Ltd.,SAHAS,0.76,60000.0,36960000.0,-6.05,,True,37,11,37.0,2082/2083,Falgun,11
826,Non Life Insurance,Himalayan Everest Insurance Limited,HEI,0.77,45000.0,24034500.0,0.0,,True,37,11,37.0,2082/2083,Falgun,11
873,Non Life Insurance,Sagarmatha Lumbini Insurance Company Limited,SALICO,0.68,70167.0,43117622.0,0.0,,True,37,11,37.0,2082/2083,Falgun,11
876,Non Life Insurance,Siddhartha Premier Insurance Company Limited,SPIL,1.26,45000.0,32895000.0,0.0,,True,37,11,37.0,2082/2083,Falgun,11
249,Life Insurance,National Life Insurance Co. Ltd.,NLICL,0.2,56000.0,34272000.0,-11.11,,True,37,11,37.0,2082/2083,Falgun,11
846,Life Insurance,Suryajyoti Life Insurance Company Limited,SJLIC,-0.46,50000.0,23100000.0,11.06,,True,37,11,37.0,2082/2083,Falgun,11
242,Manufacturing and Processing,Unilever Nepal Limited,UNL,0.92,225.0,10417500.0,0.0,,True,37,11,37.0,2082/2083,Falgun,11
1035,Manufacturing and Processing,SY Panel Nepal Limited,SYPNL,1.54,5102.0,9438700.0,0.0,,True,37,11,37.0,2082/2083,Falgun,11
1047,Manufacturing and Processing,Sagar Distillery Limited,SAGAR,2.51,1665.0,3271725.0,0.0,,True,37,11,37.0,2082/2083,Falgun,11
1089,Manufacturing and Processing,Shreenagar Agritech Industries Limited,SAIL,2.29,3357.0,4565520.0,0.0,,True,37,11,37.0,2082/2083,Falgun,11
945,Others,Himalayan Re-Insurance Limited,HRL,0.22,60000.0,53280000.0,3.45,,True,37,11,37.0,2082/2083,Falgun,11
149,Hotels and Tourism,Soaltee Hotel Limited,SHL,0.22,43076.0,22011836.0,2.45,,True,37,11,37.0,2082/2083,Falgun,11
986,Hotels and Tourism,Hotel Forest Inn Limited,HFIN,4.17,3895.0,435461.0,,,True,37,11,37.0,2082/2083,Falgun,11
989,Hotels and Tourism,Bandipur Cable Car and Tourism Limited,BANDIPUR,1.85,5735.0,5534275.0,0.0,,True,37,11,37.0,2082/2083,Falgun,11
265,Microfinance,Chhimek Laghubitta Bittiya Sanstha Limited,CBBL,0.22,20000.0,18960000.0,0.0,,True,37,11,37.0,2082/2083,Falgun,11
1050,Microfinance,Swastik Laghubita Bittiya Sanstha Limited,SWASTIK,1.6,365.0,1055726.0,0.0,,True,37,11,37.0,2082/2083,Falgun,11
285,Microfinance,Infinity Laghubitta Bittiya Sanstha Limited,ILBS,0.11,26000.0,25142000.0,0.0,,True,37,11,37.0,2082/2083,Falgun,11
982,Mutual Fund,Muktinath Mutual Fund 1,MNMF1,0.0,1017719.0,10177190.0,750.22,,True,37,11,37.0,2082/2083,Falgun,11
878,Mutual Fund,Siddhartha Investment Growth Scheme-3,SIGS3,0.93,119700.0,1236501.0,-95.42,,True,37,11,37.0,2082/2083,Falgun,11
949,Mutual Fund,NIC Asia Growth Fund-2,NICGF2,-0.92,2611564.0,24653164.0,,,True,37,11,37.0,2082/2083,Falgun,11
13,Commercial Banks,Global IME Bank Limited,GBIME,0.68,83000.0,19754000.0,0.0,,True,37,12,37.0,2082/2083,Chaitra,12
50,Commercial Banks,Standard Chartered Bank Limited,SCB,0.49,60000.0,39060000.0,0.0,,True,37,12,37.0,2082/2083,Chaitra,12
44,Commercial Banks,Prime Commercial Bank Limited,PCBL,0.63,20000.0,4910000.0,0.0,,True,37,12,37.0,2082/2083,Chaitra,12
11,Commercial Banks,Everest Bank Limited,EBL,0.03,62448.0,43588704.0,0.0,,True,37,12,37.0,2082/2083,Chaitra,12
27,Commercial Banks,Nabil Bank Limited,NABIL,0.4,23500.0,12455000.0,9.3,,True,37,12,37.0,2082/2083,Chaitra,12
46,Commercial Banks,Sanima Bank Limited,SANIMA,0.91,90000.0,31500000.0,12.5,,True,37,12,37.0,2082/2083,Chaitra,12
62,Development Banks,Garima Bikas Bank Limited,GBBL,0.48,65000.0,26838500.0,0.0,,True,37,12,37.0,2082/2083,Chaitra,12
1095,Development Banks,Salapa Bikas Bank Limited,SABBL,2.17,1769.0,2848090.0,0.0,,True,37,12,37.0,2082/2083,Chaitra,12
70,Development Banks,Kamana Sewa Bikas Bank Limited,KSBBL,-0.39,12664.0,6144573.0,80.91,,True,37,12,37.0,2082/2083,Chaitra,12
611,Hydro Power,Mountain Energy Nepal Limited,MEN,-0.33,15288.0,9157512.0,27.4,,True,37,12,37.0,2082/2083,Chaitra,12
169,Hydro Power,Ngadi Group Power Ltd.,NGPL,1.01,10100.0,4734880.0,1136.23,,True,37,12,37.0,2082/2083,Chaitra,12
176,Hydro Power,Sanima Mai Hydropower Ltd.,SHPC,0.13,25000.0,13222500.0,108.33,,True,37,12,37.0,2082/2083,Chaitra,12
1023,Hydro Power,Suryakunda Hydro Electric Limited,SKHEL,1.91,417.0,371630.0,,,True,37,12,37.0,2082/2083,Chaitra,12
1004,Hydro Power,Ridge Line Energy Limited,RLEL,2.79,861.0,810201.0,,,True,37,12,37.0,2082/2083,Chaitra,12
1016,Hydro Power,Super Khudi Hydropower Limited,SKHL,6.74,938.0,1068007.0,,,True,37,12,37.0,2082/2083,Chaitra,12
938,Hydro Power,Shikhar Power Development Limited,SIPD,2.0,1276.0,438816.0,,,True,37,12,37.0,2082/2083,Chaitra,12
995,Hydro Power,Bhujung Hydropower Limited,BJHL,3.03,973.0,1206520.0,,,True,37,12,37.0,2082/2083,Chaitra,12
1001,Hydro Power,Solu Hydropower Limited,SOHL,0.44,10263.0,7718802.0,,,True,37,12,37.0,2082/2083,Chaitra,12
178,Hydro Power,Synergy Power Development Ltd.,SPDL,-0.15,1899.0,807075.0,111.23,,True,37,12,37.0,2082/2083,Chaitra,12
856,Hydro Power,Makar Jitumaya Suri Hydropower Limited,MAKAR,1.94,36009.0,19160389.0,0.0,,True,37,12,37.0,2082/2083,Chaitra,12
180,Hydro Power,United Modi Hydropower Ltd.,UMHL,-0.35,40000.0,25560000.0,-37.5,,True,37,12,37.0,2082/2083,Chaitra,12
760,Hydro Power,Sahas Urja Ltd.,SAHAS,0.76,40000.0,24940000.0,-33.33,,True,37,12,37.0,2082/2083,Chaitra,12
826,Non Life Insurance,Himalayan Everest Insurance Limited,HEI,0.77,45000.0,23535000.0,0.0,,True,37,12,37.0,2082/2083,Chaitra,12
873,Non Life Insurance,Sagarmatha Lumbini Insurance Company Limited,SALICO,0.68,71667.0,43501869.0,2.14,,True,37,12,37.0,2082/2083,Chaitra,12
876,Non Life Insurance,Siddhartha Premier Insurance Company Limited,SPIL,1.26,46000.0,34684000.0,2.22,,True,37,12,37.0,2082/2083,Chaitra,12
249,Life Insurance,National Life Insurance Co. Ltd.,NLICL,0.2,50651.0,30086694.0,-9.55,,True,37,12,37.0,2082/2083,Chaitra,12
846,Life Insurance,Suryajyoti Life Insurance Company Limited,SJLIC,-0.46,54000.0,24030000.0,8.0,,True,37,12,37.0,2082/2083,Chaitra,12
242,Manufacturing and Processing,Unilever Nepal Limited,UNL,0.92,225.0,10507500.0,0.0,,True,37,12,37.0,2082/2083,Chaitra,12
238,Manufacturing and Processing,Himalayan Distillery Limited,HDL,0.59,8495.0,9921311.0,,,True,37,12,37.0,2082/2083,Chaitra,12
1040,Manufacturing and Processing,Palpa Cement Industries Limited,PCIL,1.85,3234.0,1173942.0,,,True,37,12,37.0,2082/2083,Chaitra,12
1035,Manufacturing and Processing,SY Panel Nepal Limited,SYPNL,1.54,5102.0,9392782.0,0.0,,True,37,12,37.0,2082/2083,Chaitra,12
1089,Manufacturing and Processing,Shreenagar Agritech Industries Limited,SAIL,2.29,3357.0,4350672.0,0.0,,True,37,12,37.0,2082/2083,Chaitra,12
945,Others,Himalayan Re-Insurance Limited,HRL,0.22,52000.0,38584000.0,-13.33,,True,37,12,37.0,2082/2083,Chaitra,12
149,Hotels and Tourism,Soaltee Hotel Limited,SHL,0.22,36065.0,18321020.0,-16.28,,True,37,12,37.0,2082/2083,Chaitra,12
986,Hotels and Tourism,Hotel Forest Inn Limited,HFIN,4.17,3895.0,3210259.0,0.0,,True,37,12,37.0,2082/2083,Chaitra,12
231,Investment,Citizen Investment Trust,CIT,0.03,2000.0,3592000.0,,,True,37,12,37.0,2082/2083,Chaitra,12
285,Microfinance,Infinity Laghubitta Bittiya Sanstha Limited,ILBS,0.11,26500.0,25652000.0,1.92,,True,37,12,37.0,2082/2083,Chaitra,12
265,Microfinance,Chhimek Laghubitta Bittiya Sanstha Limited,CBBL,0.22,21000.0,19152000.0,5.0,,True,37,12,37.0,2082/2083,Chaitra,12
982,Mutual Fund,Muktinath Mutual Fund 1,MNMF1,0.0,1017719.0,10034709.0,0.0,,True,37,12,37.0,2082/2083,Chaitra,12
878,Mutual Fund,Siddhartha Investment Growth Scheme-3,SIGS3,0.93,122000.0,1281000.0,1.92,,True,37,12,37.0,2082/2083,Chaitra,12
949,Mutual Fund,NIC Asia Growth Fund-2,NICGF2,-0.92,2611564.0,25097130.0,0.0,,True,37,12,37.0,2082/2083,Chaitra,12
